ID,Scan page,Printed page,Category,Original OCR,Correction,Context (correction in [ ]),Occurrence of context,Flag,Note,Your decision (accept / reject / edit),Your text (if edit)
1,7,,page rewritten,(see scan),(see Markdown),,,,Title page transcribed from the page image (OCR was about 28% accurate).,,
2,8,,page rewritten,(see scan),(see Markdown),,,,Copyright notice transcribed from the page image.,,
3,9,iii,heading (re-cased),PREFACE,Preface,[Preface] Among those Churches of the,1,,,,
4,9,iii,word,onl}^,only,to Worship; and they not [only] permitted but encouraged the exercise,1,,,,
5,9,iii,word,"Pra3""er.",Prayer.,encouraged the exercise of Free [Prayer.] In a like spirit the,1,,,,
6,10,iv,punctuation/spacing,Day.,"Day,","stated Ordinances of the Lord's [Day,] and all the ordinary and",1,,,,
7,11,v,word,Coacerning,Concerning,the freedom of this Republic. [Concerning] the manner in which the,1,,,,
8,11,v,word,tjtie,the,"Preface; and throughout the Book, [the] careful reader will find that",1,,,,
9,12,vi,page rewritten,(see scan),(see Markdown),,,,"Committee list re-set from the page image (two columns: Ministers / Ruling Elders); ""Robert K Willson"" corrected to ""Robert N. Willson"".",,
10,13,vii,heading (re-cased/corrected),CONCEKNING THE USE OF THIS BOOK. ^,Concerning the Use of This Book,[Concerning the Use of This Book] None of the Forms of,1,,,,
11,13,vii,word,Sermce,Service,None of the Forms of [Service] in this Book are intended,1,,,,
12,13,vii,word,he,be,this Book are intended to [be] in any sense obligatory; but,1,,,,
13,13,vii,word,hut,but,be in any sense obligatory; [but] where a given Order is,1,,,,
14,13,vii,word,toill,will,Order is voluntarily used it [will] promote unity and the general,1,,,,
15,13,vii,rubric mark (¶),IT,,are followed as here arranged. [] In order that all the,,,,,
16,13,vii,word,Puhlic,Public,"take their part in the [Public] Worship of God, it is",1,,,,
17,13,vii,word,"Ood,","God,","in the Public Worship of [God,] it is most earnestly recommended",1,,,,
18,13,vii,word,ichich,which,"recommended that, in those churches [which] choose to make use of",1,,,,
19,13,vii,word,he,be,the conduct of Worship may [be] avoided. The playing of a,1,,,,
20,13,vii,rubric mark (¶),IT,,of Worship may be avoided. [] The playing of a voluntary,,,,,
21,13,vii,rubric mark (¶),^,,all the parts of Worship. [] To attain the prompt and,,,,,
22,13,vii,word,he,be,when any change is to [be] made in the order of,1,,,,
23,13,vii,punctuation/spacing,"{as,","(as,","as given in the Book [(as,] for example, in the use",1,,,,
24,14,viii,word,chily,duly,"[duly] notified. It is also desirable,",1,,,,
25,14,viii,word,7iumbers,numbers,"it is convenient, that the [numbers] of the Hymns and of",1,,,,
26,14,viii,rubric mark (¶),^,,be seen by the Congregation. [] In connection with the General,,,,,
27,14,viii,rubric mark (¶),1[,,special need of the congregation. [] The use of this Book,,,,,
28,14,viii,word,loill bcprofitable,will be profitable,The use of this Book [will be profitable] only to those who are,1,,,,
29,14,viii,word,icho,who,be profitable only to those [who] are careful not to make,1,,,,
30,14,viii,word,ar,or,"it a means of formal [or] restricted worship, either public or",1,,,,
31,14,viii,word,loho,who,either public or private; but [who] remember always their duty as,1,,,,
32,14,viii,word,Jes2is,Jesus,the blessing of God through [Jesus] Christ.,1,,,,
33,15,ix,page rewritten,(see scan),(see Markdown),,,,Table of Contents rebuilt as a list (page numbers dropped).,,
34,16,x,page rewritten,(see scan),(see Markdown),,,,Table of Contents rebuilt as a list (page numbers dropped).,,
35,17,1,heading (re-cased/corrected),THE ORDER OP MORNING SERVICE ON THE LORD'S DAY.,The Order of Morning Service on the Lord's Day,[The Order of Morning Service on the Lord's Day] The Call to Worship. Let,1,,,,
36,17,1,rubric mark (¶),•ff,,Day The Call to Worship. [] Let the Minister and all,,,,,
37,17,1,rubric mark (¶),IT,,"Son, and Holy Ghost. Amen. [] Let the Minister read one",,,,,
38,17,1,rubric mark (¶),IT,,"following Sentences, the People standing. [] If any church so desire",,,,,
39,17,1,drop capital,r^UR,OUR,may begin with the Sentences. [OUR] help is in the Name,1,,,,
40,17,1,punctuation/spacing,{Psalm,(Psalm,the sheep of His pasture. [(Psalm] xcv. 6: c. 3.) Seek,1,,,,
41,17,1,word,{Isaiah Iv.,(Isaiah lv.,"for He will abundantly pardon. [(Isaiah lv.] 6, 7.)",1,,,,
42,18,2,word,bath,hath,and plenteous in mercy. He [hath] not dealt with us after,1,,,,
43,18,2,punctuation/spacing,{Psalm,(Psalm,"cleanse us from all unrighteousness. [(Psalm] ciii. 8, 10: 1 St.",1,,,,
44,18,2,punctuation/spacing,St,St.,"(Psalm ciii. 8, 10: 1 [St.] John i. 9.) Seeing that",1,,,,
45,18,2,word,l,i.,"8, 10: 1 St. John [i.] 9.) Seeing that we have",1,,,,
46,18,2,rubric mark (¶),1,,"need. (Hebrews iv. 14, 16.) [] Then shall the Minister say,",,,,,
47,18,2,rubric mark (¶),IT,,"Minister say, Let us pray. [] Let the People reverently bow",,,,,
48,18,2,punctuation/spacing,following/,following,"he will one of the [following] Prayers: The Invocation. ALMIGHTY God,",1,,,,
49,18,2,drop capital,A LMIGHTY,ALMIGHTY,"the following Prayers: The Invocation. [ALMIGHTY] God, who of Thy great",1,,,,
50,18,2,drop capital,INTERNAL,ETERNAL,"Jesus Christ our Lord. Amen. [ETERNAL] God, our Maker and our",1,,,,
51,18,2,drop capital,T ORD,LORD,"Jesus Christ our Lord. Amen. [LORD] God of heaven and earth,",1,,,,
52,19,3,word,r\,O,"Jesus Christ our Lord. Amen. [O] GOD, who hast promised that",1,,,,
53,19,3,drop capital,A LMIGHTY,ALMIGHTY,"Jesus Christ our Lord. Amen. [ALMIGHTY] Lord and everlasting God, whom",1,,,,
54,19,3,rubric mark (¶),IF,,Amen. The Confession of Sins. [] The People may say this,,,,,
55,19,3,drop capital,IVTOST,MOST,this Confession with the Minister: [MOST] holy and merciful Father; We,1,,,,
56,19,3,word,Sou,Son,the sake of Thy dear [Son] our Saviour. And O most,1,,,,
57,19,3,punctuation/spacing,"Lord,",Lord.,commandments of Jesus Christ our [Lord.] Amen.,1,,,,
58,20,4,rubric mark (¶),H,,The Assurance of Pardon. [] To be said by the,,,,,
59,20,4,word,he,be,"The Assurance of Pardon. To [be] said by the Minister, the",1,,,,
60,20,4,word,boiving,bowing,"the Minister, the People still [bowing] down. ALMIGHTY God, who doth",1,,,,
61,20,4,drop capital,A LMIGHTY,ALMIGHTY,"the People still bowing down. [ALMIGHTY] God, who doth freely pardon",1,,,,
62,20,4,word,tlie,the,fulfil in every contrite heart [the] promise of redeeming grace; remitting,1,,,,
63,20,4,rubric mark (¶),1[,,and the Holy Ghost. Amen. [] Or this: GOD so loved,,,,,
64,20,4,drop capital,/^OD,GOD,"Holy Ghost. Amen. Or this: [GOD] so loved the world, that",1,,,,
65,20,4,punctuation/spacing,belie veth,believeth,"His only-begotten Son, that whosoever [believeth] in Him should not perish,",1,,,,
66,20,4,punctuation/spacing,life..,life.,"not perish, but have everlasting [life.] Hear the gracious words of",1,,,,
67,20,4,word,cometli,cometh,give you rest. Him that [cometh] to Me I will in,1,,,,
68,20,4,word,A?nen. H,Amen.,Christ be with you all. [Amen.] Then let the Minister and,1,,,,
69,20,4,word,Ansicer.,Answer.,bless the Lord our God: [Answer.] And praise His glorious Name.,1,,,,
70,20,4,punctuation/spacing,'praise,praise,Lord our God: Answer. And [praise] His glorious Name. Minister. O,1,,,,
71,20,4,word,Anszcer.,Answer.,"Lord, for He is good: [Answer.] For His mercy endureth for",1,,,,
72,20,4,punctuation/spacing,endurethfor e'ver.,endureth for ever.,good: Answer. For His mercy [endureth for ever.] The Psalter. Then let a,1,,,,
73,20,4,rubric mark (¶),T,,endureth for ever. The Psalter. [] Then let a portion of,,,,,
74,21,5,rubric mark (¶),IF,,[] The People being seated shall,,,,,
75,21,5,word,Holt,Holy,The Public Reading of the [Holy] Scriptures. Let the Minister read,1,,,,
76,21,5,rubric mark (¶),IT,,Reading of the Holy Scriptures. [] Let the Minister read from,,,,,
77,21,5,word,"x>^ofitable,","profitable,","as is most proper and [profitable,] that from the Old Testament",1,,,,
78,21,5,word,jilaces,places,"Testament may be followed, in [places] where there are choirs, by",1,,,,
79,21,5,rubric mark (¶),t,,of an Anthem or Response. [] Before each reading let the,,,,,
80,21,5,word,sa7j.,"say,","each reading let the Minister [say,] Hear the Holy Scripture as",1,,,,
81,21,5,punctuation/spacing,reading.,"reading,","a book: and after the [reading,] The Lord bless to us",1,,,,
82,21,5,word,t //,If,reading of His Holy Word. [If] the Old Testament reading be,1,,,,
83,21,5,rubric mark (¶),t,,Christ. A Hymn of Praise. [] Here let the People stand,,,,,
84,21,5,word,xvith,with,stand up and praise God [with] the spirit and with the,1,,,,
85,21,5,word,"imder standing,","understanding,","the spirit and with the [understanding,] making melody with their voices",1,,,,
86,21,5,word,tvith,with,"with the understanding, making melody [with] their voices as well as",1,,,,
87,21,5,word,tvith,with,"their voices as well as [with] their hearts, unto the Lord.",1,,,,
88,21,5,word,T,I,Confession of Faith. The Creed. [I] BELIEVE in God the Father,1,,,,
89,21,5,punctuation/spacing,"-""-and",and,"Father Almighty, Maker of heaven [and] earth: And in Jesus Christ",1,,,,
90,21,5,punctuation/spacing,heaven.,"heaven,","the dead; He ascended into [heaven,] And sitteth on the right",1,,,,
91,21,5,rubric mark (¶),IT,,"and the Life everlasting. Amen. [] Then shall the Minister say,",,,,,
92,22,6,word,IT A7id,And,"[And] the People, reverently bowing down,",1,,,,
93,22,6,word,boiving,bowing,"And the People, reverently [bowing] down, shall follow in their",1,,,,
94,22,6,word,folloiv,follow,"People, reverently bowing down, shall [follow] in their hearts The General",1,,,,
95,22,6,word,"Prayer, IF",Prayer.,"in their hearts The General [Prayer.] The Minister, leading the People",,,,,
96,22,6,word,"particnlar, S2nrittial","particular, spiritual","of every kind, general and [particular, spiritual] and temporal, common and special;",1,,,,
97,22,6,word,supx)ly,supply,through Him. Supplications: for the [supply] of all our needs temporal,1,,,,
98,22,6,word,/or i/ie,for the,our duties and trials: Intercessions: [for the] whole world of mankind; remembering,1,,,,
99,22,6,word,ivdrld,world,trials: Intercessions: for the whole [world] of mankind; remembering especially our,1,,,,
100,22,6,word,ovr,our,world of mankind; remembering especially [our] country and all who are,1,,,,
101,22,6,word,tvith,with,the Church Universal and that [with] which we are particularly connected;,1,,,,
102,22,6,word,inissionaries,missionaries,we are particularly connected; all [missionaries] and ministers of the Gospel;,1,,,,
103,22,6,word,ivho,who,the Gospel; and all others [who] are seeking to do good,1,,,,
104,22,6,word,o7i,on,are seeking to do good [on] earth; all poor and sick,1,,,,
105,22,6,word,"sorroivful jyeople,","sorrowful people,","all poor and sick and [sorrowful people,] (especially those for whom our",1,,,,
106,22,6,word,rvhom,whom,"sorrowful people, (especially those for [whom] our prayers are asked;) all",1,,,,
107,22,6,punctuation/spacing,asked; ),asked;),for whom our prayers are [asked;)] all little children and the,1,,,,
108,22,6,rubric mark (¶),IT,,ties of kinship or affection: [] In any or all of,,,,,
109,22,6,word,carefidly,carefully,of Prayers. Or he may [carefully] order his thoughts and compose,1,,,,
110,22,6,word,tvhat,what,"petitions of the People, remembering [what] is suitable and necessary for",1,,,,
111,22,6,punctuation/spacing,"end,",end,their Common Worship. At the [end] of the General Prayer the,1,,,,
112,22,6,word,Grveral,General,At the end of the [General] Prayer the Minister and People,1,,,,
113,22,6,drop capital,/^UR,OUR,"Lord's Prayer. The Lord's Prayer. [OUR] Father which art in heaven,",1,,,,
114,22,6,punctuation/spacing,earth.,"earth,","Thy will be done in [earth,] As it is in heaven.",1,,,,
115,22,6,punctuation/spacing,debts.,"debts,","bread. And forgive us our [debts,] As we forgive our debtors.",1,,,,
116,23,7,rubric mark (¶),II,,The Offering. [] The bringing of offerings for,,,,,
117,23,7,punctuation/spacing,Worship),Worship.,"performed as an Act of [Worship.] Let the Minister, having made",1,,,,
118,23,7,word,7nade,made,"Worship. Let the Minister, having [made] such Announcements as are needful",1,,,,
119,23,7,punctuation/spacing,say.,"say,","are needful and fitting, then [say,] Let us make our Offering",1,,,,
120,23,7,rubric mark (¶),TI,,one proper for the occasion. [] When the gifts are brought,,,,,
121,23,7,word,chiirch-offlcers tvho,church-officers who,"Prayer for His blessing; the [church-officers who] have gathered the gifts standing,",1,,,,
122,23,7,word,bowiny,bowing,"gifts standing, and the congregation [bowing] down. On special occasions the",1,,,,
123,23,7,rubric mark (¶),H,,and the congregation bowing down. [] On special occasions the Offering,,,,,
124,23,7,word,r\,O,"Sermon. A Prayer of Dedication. [O] GOD, most merciful and gracious,",1,,,,
125,23,7,word,"Amen, IT",Amen.,Lord and Saviour Jesus Christ. [Amen.] Then let the People stand,1,,,,
126,23,7,word,ana,and,"incite them to Christian faith [and] duty, shall preach The Sermon.",1,,,,
127,23,7,rubric mark (¶),IT,,"duty, shall preach The Sermon. [] The Sermon being ended, let",,,,,
128,23,7,rubric mark (¶),IT,,"up and sing A Hymn. [] Then shall the Minister say,",,,,,
129,23,7,punctuation/spacing,say.,"say,","Hymn. Then shall the Minister [say,] Let us pray.",1,,,,
130,24,8,rubric mark (¶),H,,[] Then let the People reverently,,,,,
131,24,8,word,Pkayer. r\,Prayer. O,"the following as The Closing [Prayer. O] GOD, the Protector of all",,,,,
132,24,8,word,r\,O,"Christ's sake, our Lord. Amen. [O] LORD, the Author of spiritual",1,,,,
133,24,8,word,tkrougn,through,the beginning of life eternal; [through] Jesus Christ our Lord. Amen.,1,,,,
134,24,8,word,r\,O,"Jesus Christ our Lord. Amen. [O] GOD, who hast sounded in",1,,,,
135,24,8,drop capital,l\/f OST,MOST,"Jesus Christ our Lord. Amen. [MOST] merciful God, we beseech Thee",1,,,,
136,24,8,word,uf^,"us,","beseech Thee to grant unto [us,] that we may earnestly desire,",1,,,,
137,24,8,word,f\,O,"glory of Thy Name. Amen. [O] GOD, who art the Author",1,,,,
138,24,8,word,Am^n.,Amen.,of Jesus Christ our Lord. [Amen.],3,,,,
139,25,9,drop capital,A LMIGHTY,ALMIGHTY,"[ALMIGHTY] God, who hast given us",1,,,,
140,25,9,punctuation/spacing,![,,to come life everlasting. Amen. [] The People remaining in the,,,,,
141,25,9,drop capital,T^HE,THE,Minister shall pronounce The Benediction. [THE] grace of the Lord Jesus,1,,,,
142,25,9,rubric mark (¶),H,,be with you all. Amen. [] Or this: THE peace of,,,,,
143,25,9,drop capital,'pHE,THE,"you all. Amen. Or this: [THE] peace of God, which passeth",1,,,,
144,25,9,word,Clirist,Christ,and of His Son Jesus [Christ] our Lord; and the blessing,1,,,,
145,25,9,rubric mark (¶),If,,remain with you always. Amen. [] After the Benediction it is,,,,,
146,25,9,rubric mark (¶),IT,,His House without a blessing. [] Note that the last Hymn,,,,,
147,26,10,word,THE ORDER OF EVENING SERVICE ON THE LORD'S DAY. If,The Order of Evening Service on the Lord's Day,"[The Order of Evening Service on the Lord's Day] Let a Hymn be sung,",1,,,,
148,26,10,word,folio iving,following,"one or more of the [following] Sentences. GRACE be unto you,",1,,,,
149,26,10,drop capital,r^RACE,GRACE,"more of the following Sentences. [GRACE] be unto you, and peace,",1,,,,
150,26,10,punctuation/spacing,"Christ,",Christ.,and from the Lord Jesus [Christ.] (1 Corinthians i. 3.) Thus,1,,,,
151,26,10,word,{Isaiah Ivii.,(Isaiah lvii.,"heart of the contrite ones. [(Isaiah lvii.] 15.) The hour cometh, and",1,,,,
152,26,10,punctuation/spacing,{St.,(St.,"in spirit and in truth. [(St.] John iv. 23, 24.) Let",1,,,,
153,26,10,word,34.),24.),"truth. (St. John iv. 23, [24.)] Let my prayer be set",1,,,,
154,26,10,punctuation/spacing,{Psalm,(Psalm,hands as the evening sacrifice. [(Psalm] cxli. 2.) O worship the,1,,,,
155,26,10,punctuation/spacing,{Psalm,(Psalm,"before Him, all the earth. [(Psalm] xcvi. 9.) Let the words",1,,,,
156,26,10,punctuation/spacing,{Psalm,(Psalm,"my strength and my redeemer. [(Psalm] xix. 14.) Ask, and it",1,,,,
157,26,10,word,{St. Mattheic,(St. Matthew,"knocketh it shall be opened. [(St. Matthew] vii. 7, 8.)",1,,,,
158,27,11,punctuation/spacing,{Lamentations,(Lamentations,the soul that seeketh Him. [(Lamentations] iii. 25.) And the Spirit,1,,,,
159,27,11,word,tliat,that,"say, Come. And let him [that] heareth say, Come. And let",1,,,,
160,27,11,word,whosovever,whosoever,"that is athirst come. And [whosoever] will, let him take the",1,,,,
161,27,11,word,{Bevelation,(Revelation,the water of life freely. [(Revelation] xxii. 17.) I will arise,1,,,,
162,27,11,word,DO,no,"and before thee, and am [no] more worthy to be called",1,,,,
163,27,11,punctuation/spacing,{St.,(St.,"to be called thy son. [(St.] Luke xv. 18, 19.) Then",1,,,,
164,27,11,rubric mark (¶),IT,,"(St. Luke xv. 18, 19.) [] Then let the Minister say,",,,,,
165,27,11,rubric mark (¶),H,,"Minister say, Let us pray. [] Let the People reverently bow",,,,,
166,27,11,word,iising,using,"in the Invocation and Confession, [using] if he will one of",1,,,,
167,27,11,word,f\,O,"Prayers: The Invocation and Confession. [O] GOD, the Father of lights,",1,,,,
168,27,11,punctuation/spacing,us.,"us,","to look in mercy upon [us,] Thy sinful and wayward children:",1,,,,
169,27,11,drop capital,"""PATERNAL",ETERNAL,"through Christ our Lord. Amen. [ETERNAL] God, in whom we live",1,,,,
170,28,12,drop capital,A LMIGHTY,ALMIGHTY,"[ALMIGHTY] and most merciful God, who",1,,,,
171,28,12,word,bast,hast,"and most merciful God, who [hast] appointed our portion of labour,",1,,,,
172,28,12,punctuation/spacing,w^hile,while,that we may serve Thee [while] it is day; and by,1,,,,
173,28,12,heading (re-cased),"Cometh,","cometh,","ordinance the weariness of night [cometh,] that we may seek our",1,,,,
174,28,12,word,r\,O,"Jesus Christ our Lord. Amen. [O] GOD, Light of the hearts",1,,,,
175,28,12,rubric mark (¶),H,,"Jesus Christ, our Lord. Amen. [] The Prayer may close with",,,,,
176,28,12,word,Scbipture.,"Scripture,","with these Petitions of Holy [Scripture,] to be said responsively by",1,,,,
177,28,12,word,doum.,down.,"Minister and People, still bowing [down.] Create in us a clean",1,,,,
178,28,12,word,tcithin,within,And renew a right spirit [within] us. Cast us not away,1,,,,
179,28,12,rubric mark (¶),H,,Thy praise. Amen. The Psalter. [] Then let a portion of,,,,,
180,28,12,word,he,be,"a portion of the Psalter [be] chanted, or read, responsively by",2,,,,
181,28,12,punctuation/spacing,sing.,"sing,","end let all say or [sing,] Glory be to the Father,",1,,,,
182,29,13,rubric mark (¶),t,,"[] Or else, the Gloria in",,,,,
183,29,13,word,folio ua: r^ LORY,follows: GLORY,the Gloria in Excelsis as [follows: GLORY] be to God on high:,1,,,,
184,29,13,word,0,O,"art the Lord. Thou only, [O] Christ, with the Holy Ghost:",1,,,,
185,29,13,rubric mark (¶),•II,,"of God the Father. Amen. [] Note that, if any church",,,,,
186,29,13,rubric mark (¶),IT,,Reading of the Holy Scriptures. [] The People being seated shall,,,,,
187,29,13,punctuation/spacing,book •.,book:,a chapter of such a [book:] and after the reading he,1,,,,
188,29,13,punctuation/spacing,say.,"say,","after the reading he shall [say,] The Lord bless to us",1,,,,
189,29,13,rubric mark (¶),^,,"reading of His Holy Word. [] After the reading of Scripture,",,,,,
190,29,13,rubric mark (¶),. IT,,"or Hymn may be sung. [] Then let the Minister say,",,,,,
191,30,14,rubric mark (¶),t,,"[] And the People, reverently bowing",,,,,
192,30,14,rubric mark (¶),H,,"their hearts The General Prayer. [] The Minister, leading the People",,,,,
193,30,14,word,ojj'er U7ito,offer unto,"in their Common Prayers, shall [offer unto] God such Adorations and Thanksgivings;",1,,,,
194,30,14,word,"me7i,","men,","the State, and for all [men,] especially for those who are",1,,,,
195,30,14,word,tvho,who,"all men, especially for those [who] are out of Christ and",1,,,,
196,30,14,word,"xvill,","will,","this Service. And if he [will,] he may use any of",1,,,,
197,30,14,punctuation/spacing,"""of",of,"(under the title of Treasury [of] Prayers), or those here following:",1,,,,
198,30,14,word,r\,O,"Prayers), or those here following: [O] GOD, in glory exalted, and",1,,,,
199,30,14,word,r\,O,"Jesus Christ our Lord. Amen. [O] LORD of heaven and earth,",1,,,,
200,30,14,word,maj^,may,"peace and good works, and [may] turn many to righteousness through",1,,,,
201,30,14,drop capital,A LMIGHTY,ALMIGHTY,"and Saviour Jesus Christ. Amen. [ALMIGHTY] God, who hast heard the",1,,,,
202,30,14,word,wiio,who,"Jesus Christ. Amen. ALMIGHTY God, [who] hast heard the prayer of",1,,,,
203,31,15,punctuation/spacing,and',and,"the Governor of the State, [and] all law-makers and judges: that",1,,,,
204,31,15,word,r\,O,"Jesus Christ our Lord. Amen. [O] GOD, Creator and Preserver of",1,,,,
205,31,15,word,r\,O,"our Lord Jesus Christ. Amen. [O] ALMIGHTY Lord, and everlasting God,",1,,,,
206,31,15,drop capital,T IGHTEN,LIGHTEN,"and Saviour Jesus Christ. Amen. [LIGHTEN] our darkness, we beseech Thee,",1,,,,
207,31,15,word,"Sou,","Son,","the love of Thy only [Son,] our Saviour, Jesus Christ. Amen.",1,,,,
208,31,15,drop capital,l^OW,NOW,close with the following Ascription: [NOW] unto Him that is able,1,,,,
209,32,16,rubric mark (¶),IT,,"and ever. Amen. The Offering. [] Let the Minister, having made",,,,,
210,32,16,word,tlie,the,to Almighty God for (naming [the] cause). If the choir sing,2,,,,
211,32,16,punctuation/spacing,'with,with,shall dedicate them to God [with] a brief prayer for His,1,,,,
212,32,16,punctuation/spacing,churchofficers,church-officers,prayer for His blessing; the [church-officers] who have gathered the gifts,1,,,,
213,32,16,word,U Oil,On,and the congregation bowing down. [On] special occasions the Offering may,2,,,,
214,32,16,drop capital,A LL,ALL,"Sermon. A Prayer of Dedication. [ALL] gracious God, who of Thine",1,,,,
215,32,16,word,wlio,who,"of Dedication. ALL gracious God, [who] of Thine infinite love didst",1,,,,
216,32,16,word,Tliine,Thine,"ALL gracious God, who of [Thine] infinite love didst give Thine",1,,,,
217,32,16,word,ouly-begotten,only-begotten,"infinite love didst give Thine [only-begotten] Son, Jesus Christ, to die",1,,,,
218,32,16,word,vehich,which,Holy Spirit; Accept the Offering [which] we now present unto Thee:,1,,,,
219,32,16,rubric mark (¶),U,,Jesus Christ our Lord. Amen. [] Then let the People stand,,,,,
220,32,16,word,np,up,Then let the People stand [up] and sing A Hymn. Then,2,,,,
221,32,16,rubric mark (¶),U,,"up and sing A Hymn. [] Then the Minister, taking his",,,,,
222,32,16,rubric mark (¶),^,,"duty, shall preach The Sermon. [] The Sermon being ended, let",,,,,
223,32,16,rubric mark (¶),II,,"up and sing A Hymn. [] Then shall the Minister say,",,,,,
224,33,17,rubric mark (¶),t,,"[] The People reverently bowing down,",,,,,
225,33,17,drop capital,"r^ RANT,","GRANT,","Lord's Prayer: The Closing Prayer. [GRANT,] we beseech Thee, Almighty God,",1,,,,
226,33,17,punctuation/spacing,strength ened,strengthened,"guided into all truth, and [strengthened] unto all obedience and enduring",1,,,,
227,33,17,word,r\,O,"Jesus Christ our Lord. Amen. [O] LORD Jesus Christ, who hast",1,,,,
228,33,17,punctuation/spacing,"OGOD,","O GOD,","Jesus Christ our Lord. Amen. [O GOD,] from whom all holy desires,",1,,,,
229,33,17,drop capital,INTERNAL,ETERNAL,"Jesus Christ our Saviour. Amen. [ETERNAL] and ever-blessed God, who art",1,,,,
230,33,17,punctuation/spacing,A men.,Amen.,of our Lord Jesus Christ. [Amen.],1,,,,
231,34,18,punctuation/spacing,OLORD,O LORD,"[O LORD] God, the Light of the",1,,,,
232,34,18,word,aud,and,"Strength of those who labour, [and] the Repose of the blessed",1,,,,
233,34,18,rubric mark (¶),IT,,Lord. Amen. The Lord's Prayer. [] To be said by Minister,,,,,
234,34,18,punctuation/spacing,earth.,"earth,","Thy will be done in [earth,] As it is in heaven.",2,,,,
235,34,18,punctuation/spacing,debts.,"debts,","bread. And forgive us our [debts,] As we forgive our debtors.",2,,,,
236,34,18,rubric mark (¶),^,,"the glory, for ever. Amen. [] The People remaining in the",,,,,
237,34,18,drop capital,^HE,THE,Minister shall pronounce The Benediction. [THE] grace of the Lord Jesus,2,,,,
238,34,18,rubric mark (¶),U,,be with you all. Amen. [] Or this: THE peace of,,,,,
239,34,18,drop capital,IT^HE,THE,"you all. Amen. Or this: [THE] peace of God, which passeth",2,,,,
240,34,18,punctuation/spacing,passethall,passeth all,"THE peace of God, which [passeth all] understanding, keep your hearts and",2,,,,
241,34,18,heading (re-cased),son,Son,"of God, and of His [Son] Jesus Christ our Lord; and",2,,,,
242,34,18,rubric mark (¶),IT,,remain with you always. Amen. [] After the Benediction it is,,,,,
243,34,18,word,"prni/er,oeseecliing","prayer, beseeching","and People remain in silent [prayer, beseeching] God that none may leave",2,,,,
244,34,18,rubric mark (¶),H,,His House without a blessing. [] Note that the last Hymn,,,,,
245,35,19,heading (re-cased/corrected),BRIEF ORDER OF WORSHIP. IT,Brief Order of Worship,A [Brief Order of Worship] This Service is intended for,1,,,,
246,35,19,rubric mark (¶),^,,"the Gospel is not present. [] If it be desired, the",,,,,
247,35,19,word,MOKNING. rpHE,Morning. THE,from the Holy Scriptures. Sentences. [Morning. THE] Lord is nigh unto all,,,,,
248,36,20,heading (re-cased/corrected),EVENING. H E,Evening. HE,[Evening. HE] that dwelleth in the secret,,,,,
249,36,20,rubric mark (¶),1,,"the day is far spent. [] Then shall he say, Let",,,,,
250,36,20,rubric mark (¶),U,,"he say, Let us pray. [] Let all the company bow",,,,,
251,36,20,word,"boiv doicn,","bow down,","pray. Let all the company [bow down,] following the Prayer in their",1,,,,
252,36,20,word,CoxrESSiON OF,Confession of,"desire, joining audibly in the [Confession of] Sins and the Lord's Prayer.",1,,,,
253,36,20,drop capital,A LMIGHTY,ALMIGHTY,"and the Lord's Prayer. Prayers. [ALMIGHTY] God, unto whom all hearts",1,,,,
254,36,20,word,ly/rOST,MOST,through Christ our Lord. Amen. [MOST] holy and merciful Father; We,1,,,,
255,36,20,word,oHenses,offenses,And all our shortcomings and [offenses] against Thee. Thou alone knowest,2,,,,
256,37,21,punctuation/spacing,Father:,Father;,O most holy and loving [Father;] Send Thy purifying grace into,2,,,,
257,37,21,drop capital,QUR,OUR,"Jesus Christ our Lord. Amen. [OUR] Father which art in heaven,",1,,,,
258,37,21,punctuation/spacing,debts.,"debts,","bread. And forgive us our [debts,] As we forgive our debtors.",3,,,,
259,37,21,rubric mark (¶),IF,,for ever. Amen. The Psalter. [] A portion of the Psalter,,,,,
260,37,21,drop capital,r^LORY,GLORY,"responsively, closing with this Ascription: [GLORY] be to the Father, and",1,,,,
261,37,21,rubric mark (¶),U,,"be: world without end. Amen. [] Let all the company, standing,",,,,,
262,37,21,word,T,I,repeat together The Apostles' Creed. [I] BELIEVE in God the Father,1,,,,
263,37,21,word,MaTier,Maker,"in God the Father Almighty, [Maker] of heaven and earth: And",2,,,,
264,37,21,punctuation/spacing,hell;],hell; ],and buried; [He descended into [hell; ]] The third day He rose,,,,,
265,37,21,word,riglit,right,"heaven, And sitteth on the [right] hand of God the Father",2,,,,
266,38,22,word,op,of,The Reading [of] the Holy Scriptures. The Leader,1,,,,
267,38,22,rubric mark (¶),H,,Reading of the Holy Scriptures. [] The Leader shall choose and,,,,,
268,38,22,word,saymg be/ore,saying before,"or lessons, from the Bible, [saying before] he reads, Let us listen",1,,,,
269,38,22,punctuation/spacing,,——,it is written in the [——] chapter of ——; and after,1,,,,
270,38,22,punctuation/spacing,of;,of ——;,written in the —— chapter [of ——;] and after the reading he,1,,,,
271,38,22,word,ofler,after,"—— chapter of ——; and [after] the reading he shall say,",1,,,,
272,38,22,punctuation/spacing,say.,"say,","after the reading he shall [say,] May God bless, to all",1,,,,
273,38,22,rubric mark (¶),"y,",,of His Word. A Hymn. [] If it be convenient the,,,,,
274,38,22,word,otlier,other,by the Leader or some [other] member of the company. If,1,,,,
275,38,22,punctuation/spacing,thefollowing,the following,"The Leader may choose from [the following] such as are appropriate; and,",1,,,,
276,38,22,word,Praters.,Prayers.,"shall say, Let us pray. [Prayers.] Thanksgiving. O GOD, by whose",,,,,
277,38,22,word,r\,O,"Let us pray. Prayers. Thanksgiving. [O] GOD, by whose hand all",1,,,,
278,38,22,word,f\,O,"Christ our Lord. Amen. Supplication. [O] GOD, most holy, wise, and",1,,,,
279,38,22,punctuation/spacing,mind.,"mind,","of body and soundness of [mind,]",1,,,,
280,39,23,word,m,in,[in] purity of heart and cheerfulness,1,,,,
281,39,23,word,Tkaveller's,Traveller's,"Jesus our Lord. Amen. A [Traveller's] Prayer. LORD God omnipotent, who",1,,,,
282,39,23,drop capital,T ORD,LORD,"Lord. Amen. A Traveller's Prayer. [LORD] God omnipotent, who reignest in",1,,,,
283,39,23,word,tor,for,implore Thy guidance and protection [for] all our journeyings. Against all,1,,,,
284,39,23,punctuation/spacing,journey ings.,journeyings.,and protection for all our [journeyings.] Against all perils be Thou,1,,,,
285,39,23,word,Jhy,Thy,"direct the steps of all [Thy] pilgrims through this world, that",1,,,,
286,39,23,word,m,in,"that we shall finally arrive [in] the better country, even the",1,,,,
287,39,23,word,Q,O,"Amen. A Prayer at Sea. [O] ETERNAL Lord God, who alone",1,,,,
288,39,23,word,A^nen.,Amen.,through Jesus Christ our Lord. [Amen.] A Prayer for Friends and,1,,,,
289,39,23,word,Q,O,"Prayer for Friends and Kindred. [O] LORD, our heavenly Father, bless",1,,,,
290,39,23,word,Afuen,Amen.,mansions; through Christ our Lord. [Amen.],1,,,,
291,40,24,punctuation/spacing,"OGOD,","O GOD,","A General Intercession. [O GOD,] the Creator and Preserver of",1,,,,
292,40,24,punctuation/spacing,would est,wouldest,conditions of men; that Thou [wouldest] be pleased to make Thy,1,,,,
293,40,24,drop capital,A LMIGHTY,ALMIGHTY,"General Prayer in the Morning. [ALMIGHTY] God, our Father and Preserver;",1,,,,
294,40,24,word,well-pieasiug,well-pleasing,"only those things which are [well-pleasing] in Thy sight. Enable us,",1,,,,
295,41,25,punctuation/spacing,"Lord,",Lord.,life; through Jesus Christ our [Lord.] Amen. A General Prayer in,1,,,,
296,41,25,word,f\,O,"General Prayer in the Evening. [O] GOD most merciful, Light eternal",1,,,,
297,41,25,word,he,be,before Thee: [here let there [be] a moment of prayer in,,,,,
298,42,26,drop capital,T IGHTEN,LIGHTEN,"[LIGHTEN] our darkness, we beseech Thee,",2,,,,
299,42,26,word,beseeeh,beseech,"LIGHTEN our darkness, we [beseech] Thee, O Lord; and by",2,,,,
300,42,26,drop capital,A LMIGHTY,ALMIGHTY,"A Prayer of St. Chrysostom. [ALMIGHTY] God, who hast given us",1,,,,
301,42,26,rubric mark (¶),U,,to come life everlasting. Amen. [] All the company still bowing,,,,,
302,42,26,drop capital,^OW,NOW,the Service with this Ascription. [NOW] unto Him that is able,1,,,,
303,43,27,heading (re-cased/corrected),THE COMMANDMENTS. IT,The Commandments,[The Commandments] This Order may be used,1,,,,
304,43,27,word,tbe,the,down to the Reading of [the] Holy Scriptures; in which case,1,,,,
305,43,27,rubric mark (¶),U,,preceded by a suitable Hymn. [] Let all stand while the,,,,,
306,43,27,word,ivhile,while,"suitable Hymn. Let all stand [while] the Minister reads the Sentences,",1,,,,
307,43,27,word,Jiave,have,and let not any iniquity [have] dominion over me. Minister. Blessed,1,,,,
308,43,27,word,0,O,heart have I sought Thee: [O] let me not wander from,1,,,,
309,43,27,rubric mark (¶),IT,,"not wander from Thy commandments. [] Then the Minister shall say,",,,,,
310,43,27,rubric mark (¶),U,,"shall say, Let us pray. [] Let the People reverently bow",,,,,
311,43,27,drop capital,A LMIGHTY,ALMIGHTY,"leads them in The Invocation. [ALMIGHTY] God, unto whom all hearts",1,,,,
312,43,27,rubric mark (¶),H,,through Christ our Lord. Amen. [] Then the Minister shall read,,,,,
313,43,27,word,"bo^ving doum,","bowing down,","Commandments, and the People, still [bowing down,] shall, after every Commandment, ask",1,,,,
314,44,28,word,laio.,law.,our hearts to keep this [law.] Thou shalt not take the,1,,,,
315,44,28,word,i\\y,thy,the Name of the Lord [thy] God in vain: for the,1,,,,
316,44,28,word,hane,have,"His Name in vain. Lord, [have] mercy upon us, and incline",1,,,,
317,44,28,word,"sou,","son,","any work, thou, nor thy [son,] nor thy daughter, thy man-servant,",1,,,,
318,44,28,word,late.,law.,"our hearts to keep this [law.] Thou shalt not kill. Lord,",1,,,,
319,44,28,word,"kill, Lo7%","kill. Lord,","this law. Thou shalt not [kill. Lord,] have mercy upon us, and",1,,,,
320,44,28,word,Jiearts,hearts,"upon us, and incline our [hearts] to keep this law.",1,,,,
321,45,29,word,Tiearts,hearts,"upon us, and incline our [hearts] to keep this law. Thou",3,,,,
322,45,29,word,ham,have,"witness against thy neighbour. Lord, [have] mercy upon us, and incline",1,,,,
323,45,29,punctuation/spacing,hearts^,"hearts,","these Thy laws in our [hearts,] we beseech Thee. Then the",1,,,,
324,45,29,rubric mark (¶),1,,"our hearts, we beseech Thee. [] Then the Minister shall say,",,,,,
325,45,29,rubric mark (¶),IT,,the Law and the Prophets. [] After a short pause let,,,,,
326,45,29,word,"uHng,","using,","the Minister continue in Prayer, [using,] if he will, the following,",1,,,,
327,45,29,word,"thefollotving,","the following,","Prayer, using, if he will, [the following,] or other fitting words. WE",1,,,,
328,45,29,drop capital,A LMIGHTY,ALMIGHTY,"Jesus Christ our Lord. Amen. [ALMIGHTY] God, our heavenly Father, who",1,,,,
329,46,30,word,MOW,NOW,[NOW] unto Him that is able,3,,,,
330,46,30,punctuation/spacing,ages,"ages,","by Christ Jesus, throughout all [ages,] world without end. Amen.",1,,,,
331,46,30,punctuation/spacing,',,"ages, world without end. Amen. []",,,,,
332,47,31,heading (re-cased/corrected),THE BEATITUDES. IT,The Beatitudes,[The Beatitudes] This Order may be used,1,,,,
333,47,31,word,he nsed,be used,The Beatitudes This Order may [be used] as a separate Service: or,1,,,,
334,47,31,punctuation/spacing,Evening/,Evening,"said at the opening of [Evening] Service, instead of the Order",1,,,,
335,47,31,word,ivhich,which,of the Holy Scriptures; in [which] case it may be preceded,2,,,,
336,47,31,rubric mark (¶),t,,preceded by a suitable Hymn. [] Let all stand while the,,,,,
337,47,31,punctuation/spacing,"him,.",him.,"the Sentences, the People answering [him.] Minister. Draw nigh to God,",1,,,,
338,47,31,word,0,O,"Answer. Bow down Thine ear, [O] Lord, hear me: for I",1,,,,
339,47,31,word,0,O,"you. Answer. Let Thy mercy, [O] Lord, be upon us, according",1,,,,
340,47,31,word,he wpon,be upon,"Let Thy mercy, O Lord, [be upon] us, according as we hope",1,,,,
341,47,31,rubric mark (¶),IT,,as we hope in Thee. [] Then the Minister shall say.,,,,,
342,47,31,rubric mark (¶),IT,,shall say. Let us pray. [] Let the People reverently bow,,,,,
343,47,31,word,how,bow,pray. Let the People reverently [bow] down while he leads them,2,,,,
344,47,31,word,lyr ERCIFUL,MERCIFUL,"leads them in The Invocation. [MERCIFUL] God, we beseech Thee to",1,,,,
345,47,31,rubric mark (¶),II,,our Lord Jesus Christ. Amen. [] Then the Minister shall read,,,,,
346,47,31,word,Jesiis;,Jesus;,"The Beatitudes of the Lord [Jesus;] and the People, still bowing",1,,,,
347,47,31,word,he,be,ask God that it may [be] fulfilled in their hearts. BLESSED,1,,,,
348,47,31,drop capital,"""DLESSED",BLESSED,be fulfilled in their hearts. [BLESSED] are the poor in spirit:,1,,,,
349,47,31,word,he,be,"the kingdom of heaven. Lord, [be] gracious unto us, and help",1,,,,
350,47,31,word,hlessing.,blessing.,help us to obtain this [blessing.],1,,,,
351,48,32,word,"0 Ood,","O God,","unto us Thy Holy Spirit, [O God,] and enable us to obtain",1,,,,
352,48,32,word,u^,us,"Spirit, O God, and enable [us] to obtain all these blessings,",1,,,,
353,48,32,rubric mark (¶),H,,"through Jesus Christ our Lord. [] After a short pause, let",,,,,
354,48,32,word,"folloiving,","following,","using, if he will, the [following,] or other fitting words. GLORY",1,,,,
355,48,32,drop capital,r^ LORY,GLORY,"following, or other fitting words. [GLORY] be to Thee, O Christ,",1,,,,
356,48,32,punctuation/spacing,kingdomof,kingdom of,"Christ, who hast opened the [kingdom of] heaven unto the poor in",1,,,,
357,49,33,drop capital,XTOW,NOW,[NOW] unto Him that is able,4,,,,
358,49,33,word,imto,unto,power that worketh in us; [unto] Him be glory and dominion,2,,,,
359,50,34,word,THE ORDER FOR THE CELEBRATION OF THE COMMUNION OR SACRAMENT OF THE LORD'S SUPPER If,The Order for the Celebration of the Communion or Sacrament of the Lord's Supper,"[The Order for the Celebration of the Communion or Sacrament of the Lord's Supper] The Communion, or Supper of",1,,,,
360,50,34,punctuation/spacing,edification. —Directory,edification.—Directory,"they may judge most for [edification.—Directory] for Worship, Chap. ix, §",1,,,,
361,50,34,punctuation/spacing,"Chap,",Chap.,"most for edification.—Directory for Worship, [Chap.] ix, § 1. It is",1,,,,
362,50,34,word,"1, H",1.,"for Worship, Chap. ix, § [1.] It is proper that public",1,,,,
363,50,34,word,shoidd,should,"is proper that public notice [should] be given to the congregation,",1,,,,
364,50,34,punctuation/spacing,p)eople,people,"day of the week, the [people] be instructed in its nature,",1,,,,
365,50,34,punctuation/spacing,"nature,and","nature, and","people be instructed in its [nature, and] a due preparation for it;",1,,,,
366,50,34,word,pre2}arationfor,preparation for,"its nature, and a due [preparation for] it; that all may come",1,,,,
367,50,34,punctuation/spacing,feast. — Directory,feast.—Directory,"suitable manner to this holy [feast.—Directory] for Worship, Chap. ix, §",1,,,,
368,50,34,punctuation/spacing,"Chap,",Chap.,"this holy feast.—Directory for Worship, [Chap.] ix, § 3. When the",1,,,,
369,50,34,rubric mark (¶),IT,,"Worship, Chap. ix, § 3. [] When the time is come",,,,,
370,50,34,drop capital,T^EARLY,DEARLY,"administration, the Minister shall say, [DEARLY] beloved, as we draw near",1,,,,
371,50,34,word,earthlj^,earthly,so renewed in this our [earthly] pilgrimage and warfare; and especially,1,,,,
372,50,34,punctuation/spacing,"Christ,",Christ.,hearts hungering and thirsting after [Christ.] Not unto those who live,1,,,,
373,51,35,rubric mark (¶),^,,and rest unto our souls. [] Then let the People stand,,,,,
374,51,35,rubric mark (¶),IT,,up and sing A Hymn. [] If it be more convenient,,,,,
375,51,35,word,he,be,"any church, this Hymn may [be] omitted. The Table, on which",1,,,,
376,51,35,rubric mark (¶),K,,"this Hymn may be omitted. [] The Table, on which the",,,,,
377,51,35,word,rvhich,which,"be omitted. The Table, on [which] the elements are placed, being",1,,,,
378,51,35,word,xvine,wine,"in convenient dishes, and the [wine] in cups, and the Communicants",1,,,,
379,51,35,drop capital,"""DELOVED",BELOVED,"the Minister, he shall say, [BELOVED] in the Lord, attend to",1,,,,
380,51,35,punctuation/spacing,thanks.,"thanks,","and when He had given [thanks,] He brake it, and said,",1,,,,
381,51,35,punctuation/spacing,said.,"said,","thanks, He brake it, and [said,] Take, eat: this is My",1,,,,
382,51,35,punctuation/spacing,"come. ""And","come."" And","the Lord's death till He [come."" And] now, in His Name, I",1,,,,
383,51,35,word,(IT,(,"Name, I take these elements [(] Here the Minister may lay",1,,,,
384,51,35,rubric mark (¶),^,,"which He has appointed them. [] Then the Minister shall say,",,,,,
385,52,36,word,1 //.so,If so,"[If so] desired, these Prayers and Thanksgivings",1,,,,
386,52,36,punctuation/spacing,Thanksgiving.s,Thanksgivings,"so desired, these Prayers and [Thanksgivings] may be offered in the",1,,,,
387,52,36,word,r\,O,"the People reverently bowing down: [O] GOD, who by the blood",1,,,,
388,52,36,word,A7nen. IT,Amen.,"through Jesus Christ our Lord. [Amen.] Then the People, still bowing",1,,,,
389,52,36,word,icith,with,be with you. People. And [with] thy spirit. Minister. Lift up,1,,,,
390,52,36,word,xnito,unto,People. We lift them up [unto] the Lord. Minister. Let us,1,,,,
391,52,36,rubric mark (¶),IT,,"and right so to do. [] Then the Minister, proceeding, shall",,,,,
392,52,36,drop capital,TT,IT,"the Minister, proceeding, shall say, [IT] is very meet, right, and",1,,,,
393,52,36,rubric mark (¶),U,,"all the company of Heaven, [] Here let the People, still",,,,,
394,52,36,drop capital,"TTOLY,","HOLY,","join aloud, singing or saying, [HOLY,] HOLY, HOLY, Lord God of",1,,,,
395,53,37,rubric mark (¶),H,,"[] Then the Minister shall proceed,",,,,,
396,53,37,drop capital,A LMIGHTY,ALMIGHTY,"the Minister shall proceed, saying, [ALMIGHTY] God, the Father of our",1,,,,
397,53,37,rubric mark (¶),^,,"of our Lord Jesus Christ, [] whose once offering up of",,,,,
398,53,37,rubric mark (¶),1,,both now and evermore. Amen. [] The Bread and Wine being,,,,,
399,53,37,punctuation/spacing,saying.,"saying,","give this Bread unto you; [saying,] Take, eat: this is My",1,,,,
400,53,37,rubric mark (¶),1[,,"do in remembrance of Me. [] Then the Minister, who is",,,,,
401,53,37,rubric mark (¶),II,,"the Elders to be distributed. [] After having given the Bread,",,,,,
402,53,37,rubric mark (¶),H,,"drink ye all of it. [] Then the Minister, who is",,,,,
403,54,38,rubric mark (¶),H,,"[] After all have communicated, the",,,,,
404,54,38,word,lyrOST,MOST,"Jesus Christ our Lord. Amen. [MOST] merciful God, we bless Thy",1,,,,
405,54,38,word,lT± rpjjy,Thy,Thy holy Name for all [Thy] servants who have kept the,1,,,,
406,54,38,rubric mark (¶),H,,for ever and ever. Amen. [] Then the People shall rise,,,,,
407,54,38,word,HYivm.,Hymn.,shall rise and sing A [Hymn.],,,,,
408,55,39,rubric mark (¶),If,,"[] Then, the People reverently bowing",,,,,
409,55,39,drop capital,1^0 W,NOW,"Minister shall pronounce The Benediction. [NOW] the God of peace, that",1,,,,
410,55,39,rubric mark (¶),H,,for ever and ever. Amen. [] After the Benediction it is,,,,,
411,56,40,heading (re-cased/corrected),THE ORDER FOR THE ADMINISTRATION OF BAPTISM TO INFANTS. IF,The Order for the Administration of Baptism to Infants,[The Order for the Administration of Baptism to Infants] Baptism is not to be,1,,,,
412,56,40,punctuation/spacing,mysteriesof God. — Directory,mysteries of God.—Directory,"be the steward of the [mysteries of God.—Directory] for Worship, Chap. viii, §",1,,,,
413,56,40,punctuation/spacing,"Chap,",Chap.,"mysteries of God.—Directory for Worship, [Chap.] viii, § 1. Although Baptism",1,,,,
414,56,40,rubric mark (¶),H,,"Worship, Chap. viii, § 1. [] Although Baptism is usually to",,,,,
415,56,40,punctuation/spacing,m.ay,may,of the congregation; yet there [may] be cases when it will,1,,,,
416,56,40,word,ofivhichthe,of which the,this Sacrament in private houses; [of which the] Minister is to be the,1,,,,
417,56,40,punctuation/spacing,judge. — Directory,judge.—Directory,"Minister is to be the [judge.—Directory] for Worship, Chap. viii, §",1,,,,
418,56,40,punctuation/spacing,"Chap,",Chap.,"be the judge.—Directory for Worship, [Chap.] viii, § 5. After previous",1,,,,
419,56,40,rubric mark (¶),H,,"Worship, Chap. viii, § 5. [] After previous notice is given",,,,,
420,56,40,word,tvhom,whom,"one or both the parents, [whom] the Minister shall address in",1,,,,
421,56,40,word,"vnse: ""TiEARLY",wise: DEARLY,"Minister shall address in this [wise: DEARLY] beloved, Almighty God, who has",1,,,,
422,56,40,word,Avhich,which,and Father of our children; [which] covenant He renews in this,1,,,,
423,56,40,word,ojf,of,seal of the washing away [of] our sins and our ingrafting,1,,,,
424,56,40,word,"sa,yiug:",saying:,"unto Him, and blesses them, [saying:] Suffer the little children to",1,,,,
425,56,40,word,b^,be,your Heavenly Father may not [be] hidden from your Child. Here,1,,,,
426,56,40,rubric mark (¶),H,,be hidden from your Child. [] Here the Minister shall address,,,,,
427,56,40,word,follotving Qitestions,following Questions,the Minister shall address the [following Questions] to the Parents; and the,1,,,,
428,56,40,word,Ans2cer.,Answer.,consecrate your Child to Him? [Answer.] I do.,1,,,,
429,57,41,word,Mm,him,"the Scriptures, to pray with [him] and for him, and to",1,,,,
430,57,41,word,"hini,","him,","pray with him and for [him,] and to bring him up",1,,,,
431,57,41,rubric mark (¶),t,,"the Lord? Answer. I do. [] Then the Minister shall say,",,,,,
432,57,41,drop capital,"/TYRANT,","GRANT,","Then the Minister shall say, [GRANT,] O Lord, to these Thy",1,,,,
433,57,41,word,ham,have,perform the things which they [have] promised before Thee: And sanctify,1,,,,
434,57,41,rubric mark (¶),IT,,"Jesus Christ our Lord. Amen. [] Then, all present reverently standing,",,,,,
435,57,41,rubric mark (¶),IT,,the name of this Child? [] Then the Minister (taking the,,,,,
436,57,41,punctuation/spacing,{taking,(taking,"this Child? Then the Minister [(taking] the Child in his arms,",1,,,,
437,57,41,word,pronoioicing,pronouncing,"the arms of the Parent), [pronouncing] the name of the Child,",1,,,,
438,57,41,word,xvater,water,"Child, shall pour or sprinkle [water] upon it, saying, N——, I",1,,,,
439,57,41,word,,"N——,","sprinkle water upon it, saying, [N——,] I baptize thee in the",1,,,,
440,57,41,punctuation/spacing,^^,,"of the Father, and of [] the Son, and of the",,,,,
441,57,41,rubric mark (¶),It,,"of the Holy Ghost. Amen. [] Then the Minister shall say,",,,,,
442,57,41,drop capital,IVrOST,MOST,"shall say, Let us pray. [MOST] holy and merciful Father, we",1,,,,
443,57,41,punctuation/spacing,"Child.,","Child,","Thy tuition and defense this [Child,] whom we offer and present",1,,,,
444,57,41,word,7«s,his,"that he may know Thee [his] merciful Father, through Thy Holy",1,,,,
445,58,42,rubric mark (¶),If,,[] Then the Minister and People,,,,,
446,58,42,punctuation/spacing,im.mediately,immediately,not said in the Service [immediately] preceding or following. The Lord's,1,,,,
447,58,42,punctuation/spacing,for give,forgive,"day our daily bread. And [forgive] us our debts, As we",4,,,,
448,58,42,rubric mark (¶),IT,,"the glory, for ever. Amen. [] Then the Minister shall say,",,,,,
449,58,42,drop capital,T^HE,THE,"Then the Minister shall say, [THE] grace of the Lord Jesus",1,,,,
450,58,42,rubric mark (¶),U,,"be with you all. Amen. [] Infants descending from parents, either",,,,,
451,58,42,punctuation/spacing,prof essing,professing,or but one of them [professing] faith in Christ and obedience,1,,,,
452,58,42,word,xvithin,within,"and obedience to Him, are [within] the covenant of promise, and",1,,,,
453,58,42,punctuation/spacing,baptized. — Larger,baptized.—Larger,"promise, and are to be [baptized.—Larger] Catechism, 166. The efficacy of",1,,,,
454,58,42,rubric mark (¶),U,,"to be baptized.—Larger Catechism, 166. [] The efficacy of Baptism is",,,,,
455,58,42,word,07dy,only,"the grace promised is not [only] offered, but really exhibited and",1,,,,
456,58,42,word,oy,by,"but really exhibited and conferred [by] the Holy Ghost, to such",1,,,,
457,58,42,word,{trhefher of',(whether of,"the Holy Ghost, to such [(whether of] age or infants) as that",1,,,,
458,58,42,word,accorditig,according,"as that grace belongeth unto, [according] to the counsel of God's",1,,,,
459,58,42,word,Gh'ace,Grace,"will, in His appointed time. [Grace] and salvation are, however, not",1,,,,
460,58,42,punctuation/spacing,Bap>tism,Baptism,not so inseparably annexed unto [Baptism] as that none can be,1,,,,
461,58,42,word,witJiout,without,"can be regenerated or saved [without] it, or that all that",1,,,,
462,58,42,punctuation/spacing,regenerated. — Confession,regenerated.—Confession,"that are baptized are undoubtedly [regenerated.—Confession] of Faith, Chap. xxviii, §§",1,,,,
463,58,42,punctuation/spacing,"Chap,",Chap.,"are undoubtedly regenerated.—Confession of Faith, [Chap.] xxviii, §§ 5, 6. When,",1,,,,
464,58,42,rubric mark (¶),IT,,"Chap. xxviii, §§ 5, 6. [] When, by death of the",,,,,
465,58,42,word,"othei'wise,","otherwise,","death of the parents or [otherwise,] children are removed from their",1,,,,
466,58,42,word,persoii irho,person who,"custody, the guardian or other [person who] has undertaken to rear them",1,,,,
467,58,42,word,\xe,he,"present them for Baptism, provided [he] possess the qualifications requisite for",1,,,,
468,58,42,word,ha vuig,having,"possess the qualifications requisite for [having] his own children baptized, and",1,,,,
469,58,42,word,pore?it5,parents,assume the obligations made by [parents] in the foregoing service.—Minutes of,1,,,,
470,58,42,punctuation/spacing,service. — Minutes,service.—Minutes,by parents in the foregoing [service.—Minutes] of the Synod of 1786.,1,,,,
471,59,43,word,THE ORDER FOR THE ADMINISTRATIOlSr OF BAPTISM TO ADULTS AND THEIR RECEPTION TO THE LORD'S SUPPER. H,The Order for the Administration of Baptism to Adults and Their Reception to the Lord's Supper,[The Order for the Administration of Baptism to Adults and Their Reception to the Lord's Supper] When unbaptized persons apply for,1,,,,
472,59,43,punctuation/spacing,ap>ply,apply,"Lord's Supper When unbaptized persons [apply] for admission into the Church,",1,,,,
473,59,43,punctuation/spacing,baptized. —Directory,baptized.—Directory,"the congregation; and thereupon be [baptized.—Directory] for Worship, Chap. x, §",1,,,,
474,59,43,punctuation/spacing,"Chap,",Chap.,"thereupon be baptized.—Directory for Worship, [Chap.] x, § 4. The Candidates",1,,,,
475,59,43,rubric mark (¶),H,,"Worship, Chap. x, § 4. [] The Candidates appearing before the",,,,,
476,59,43,drop capital,XTEAR,HEAR,"the Minister, he shall say, [HEAR] the Words of the Institution",1,,,,
477,59,43,word,"Sou,","Son,","the Father, and of the [Son,] and of the Holy Ghost:",2,,,,
478,59,43,word,Plis,His,"that He will number among [His] people these present Persons, truly",1,,,,
479,60,44,rubric mark (¶),H,,[] The Minister shall then say,,,,,
480,60,44,word,asfolloivs: TAEARLY,as follows: DEARLY,"and each one shall answer, [as follows: DEARLY] beloved, who are come hither",1,,,,
481,60,44,word,Ansicer.,Answer.,"sober, righteous, and godly life? [Answer.] I do. The Question here",1,,,,
482,60,44,rubric mark (¶),U,,godly life? Answer. I do. [] The Question here following is,,,,,
483,60,44,word,folloxving,following,I do. The Question here [following] is to be omitted at,1,,,,
484,60,44,word,Okder,Order,this point in case this [Order] of Baptism is used in,1,,,,
485,60,44,rubric mark (¶),\,,"of God? Answer. I do. [] Then the Minister shall say,",,,,,
486,60,44,drop capital,T^TE,WE,"shall say, Let us pray. [WE] beseech Thee, O Lord, that",1,,,,
487,60,44,word,Thj^,Thy,remain in the number of [Thy] faithful children; through Jesus Christ,1,,,,
488,61,45,rubric mark (¶),IT,,"[] Then, all present reverently standing,",,,,,
489,61,45,word,pronoiuicing,pronouncing,"kneel down, and the Minister, [pronouncing] his name, shall pour or",1,,,,
490,61,45,word,tvater,water,"name, shall pour or sprinkle [water] upon his forehead, saying, N——,",1,,,,
491,61,45,word,"his/orehead,","his forehead,","pour or sprinkle water upon [his forehead,] saying, N——, I baptize thee",1,,,,
492,61,45,punctuation/spacing,"N — -,","N——,","water upon his forehead, saying, [N——,] I baptize thee in the",1,,,,
493,61,45,punctuation/spacing,Ghost,Ghost.,"Son, and of the Holy [Ghost.] Amen. Then the Minister shall",2,,,,
494,61,45,rubric mark (¶),H,,"of the Holy Ghost. Amen. [] Then the Minister shall say,",,,,,
495,61,45,drop capital,TU'E,WE,"Then the Minister shall say, [WE] receive this Person into the",1,,,,
496,61,45,punctuation/spacing,',,into the congregation of Christ's [] flock; in the confidence that,,,,,
497,61,45,rubric mark (¶),11,,"servant unto his life's end. [] Here, if Persons who have",,,,,
498,61,45,word,tvho,who,"life's end. Here, if Persons [who] have been baptized in infancy",1,,,,
499,61,45,word,forirard;,forward;,"may be called to come [forward;] and the Minister, omitting the",1,,,,
500,61,45,word,j)TOceed ivith,proceed with,"remainder of this Order, may [proceed with] the Order for the Confirmation",1,,,,
501,61,45,punctuation/spacing,Vows,"Vows,","for the Confirmation of Baptismal [Vows,] the newly baptized persons still",1,,,,
502,61,45,rubric mark (¶),II,,in their places before him. [] Then the Minister (laying his,,,,,
503,61,45,punctuation/spacing,{laying,(laying,"before him. Then the Minister [(laying] his hand, if such be",1,,,,
504,61,45,word,xipon,upon,"if such be his discretion, [upon] the head of every one",1,,,,
505,61,45,drop capital,"""TVEFEND,","DEFEND,","kneeling before him) shall say, [DEFEND,] O Lord, this Thy Child",1,,,,
506,61,45,word,tJiis,this,"shall say, DEFEND, O Lord, [this] Thy Child with Thy heavenly",1,,,,
507,61,45,drop capital,A LMIGHTY,ALMIGHTY,"kingdom. Amen. Let us pray. [ALMIGHTY] God, our heavenly Father, we",1,,,,
508,61,45,word,heart}'-,hearty,"heavenly Father, we give Thee [hearty] thanks and praise that Thou",1,,,,
509,61,45,word,t?iese,these,"withheld Thy loving kindness from [these] Thy servants, but hast given",1,,,,
510,62,46,drop capital,I^OW,NOW,[NOW] unto Him that is able,5,,,,
511,62,46,punctuation/spacing,Saviour^,"Saviour,","the only wise God our [Saviour,] be glory and majesty, dominion",3,,,,
512,62,46,word,Ameji. II,Amen.,"power, both now and ever. [Amen.] Baptism is not to be",1,,,,
513,62,46,punctuation/spacing,"Him,. — Larger",Him.—Larger,"in Christ and obedience to [Him.—Larger] Catechism, 166.",1,,,,
514,62,46,word,IGG.,166.,"and obedience to Him.—Larger Catechism, [166.]",1,,,,
515,63,47,heading (re-cased/corrected),THE ORDER FOR THE CONFIRMATION OF BAPTISMAL VOWS AND RECEPTION TO THE LORD'S SUPPER. U,The Order for the Confirmation of Baptismal Vows and Reception to the Lord's Supper,"[The Order for the Confirmation of Baptismal Vows and Reception to the Lord's Supper] At the time appointed, the",1,,,,
516,63,47,drop capital,rpHESE,THESE,"appointed, the Minister shall say, [THESE] Persons now to be named,",1,,,,
517,63,47,word,cliil- -^ dreii,children,"be named, who are baptized [children] of the Church, have been",1,,,,
518,63,47,rubric mark (¶),If,,made for them in Baptism. [] The Minister shall then read,,,,,
519,63,47,rubric mark (¶),1,,"forward, and stand before him. [] Then addressing them, the Minister",,,,,
520,63,47,drop capital,"""PiEARLY",DEARLY,"them, the Minister shall say, [DEARLY] beloved, in your Baptism you",1,,,,
521,63,47,word,A nstaer.,Answer.,faith wherein you were baptized? [Answer.] I do. Question. Do you,1,,,,
522,63,47,word,j^'our,your,"and confirm the vows of [your] Baptism, and promise with God's",1,,,,
523,63,47,word,Ansioer.,Answer.,the days of your life? [Answer.] I do.,1,,,,
524,64,48,rubric mark (¶),If,,"[] Here, if any Adults have",,,,,
525,64,48,word,thefoUoiving,the following,Service the Minister shall address [the following] Question to them as well,1,,,,
526,64,48,word,n.s,as,the following Question to them [as] well as to those who,1,,,,
527,64,48,word,God V Ansioer.,God? Answer.,fellowship of the people of [God? Answer.] I do. Then the Minister,2,,,,
528,64,48,rubric mark (¶),If,,of God? Answer. I do. [] Then the Minister (laying his,,,,,
529,64,48,punctuation/spacing,{laying,(laying,"I do. Then the Minister [(laying] his hand, if such be",1,,,,
530,64,48,drop capital,"T^EFEND,","DEFEND,","kneeling before him) shall say, [DEFEND,] O Lord, this Thy Child",2,,,,
531,64,48,word,tliis,this,"shall say, DEFEND, O Lord, [this] Thy Child with Thy heavenly",2,,,,
532,64,48,word,CMlcl,Child,"DEFEND, O Lord, this Thy [Child] with Thy heavenly grace; that",2,,,,
533,64,48,drop capital,A LMIGHTY,ALMIGHTY,"kingdom. Amen. Let us pray. [ALMIGHTY] God, our heavenly Father, we",2,,,,
534,64,48,word,bv,by,"begun; that they, being defended [by] Thy fatherly hand, and strengthened",2,,,,
535,64,48,drop capital,AJOW,NOW,our Lord Jesus Christ. Amen. [NOW] unto Him that is able,3,,,,
536,65,49,rubric mark (¶),H,,[] Children born within the pale,,,,,
537,65,49,word,"Ba2)tism,","Baptism,","and dedicated to God in [Baptism,] are under the inspection and",1,,,,
538,65,49,word,ins2oection and.,inspection and,"in Baptism, are under the [inspection and] government of the Church; and",1,,,,
539,65,49,punctuation/spacing,"Ca'techism,","Catechism,","to read and repeat the [Catechism,] the Apostles' Creed, and the",1,,,,
540,65,49,punctuation/spacing,"and,",and,"the Catechism, the Apostles' Creed, [and] the Lord's Prayer. They are",1,,,,
541,65,49,punctuation/spacing,they'come,they come,"Lord Jesus Christ. And when [they come] to years of discretion, if",1,,,,
542,65,49,word,a2yp>ear,appear,"they be free from scandal, [appear] sober and steady, and to",1,,,,
543,65,49,word,knoivledge,knowledge,"steady, and to have sufficient [knowledge] to discern the Lord's body,",1,,,,
544,65,49,word,pt^'ivilege,privilege,it is their duty and [privilege] to come to the Lord's,1,,,,
545,65,49,punctuation/spacing,Supper. — 'Directory,Supper.—Directory,"to come to the Lord's [Supper.—Directory] for Worship, Chap. x, §",1,,,,
546,65,49,word,"'Worship, Cliap. x,§l. IT","Worship, Chap. x, § 1.","to the Lord's Supper.—Directory for [Worship, Chap. x, § 1.] The years of discretion in",1,,,,
547,65,49,punctuation/spacing,them. — Directory,them.—Directory,"to admit young Christians to [them.—Directory] for Worship, Chap. x, §",1,,,,
548,65,49,punctuation/spacing,"Chap,",Chap.,"Christians to them.—Directory for Worship, [Chap.] x, § 2. A public",1,,,,
549,65,49,rubric mark (¶),U,,"Worship, Chap. x, § 2. [] A public Service for the",,,,,
550,65,49,word,Comonunion,Communion,of baptized persons to the [Communion] is not to be regarded,1,,,,
551,65,49,punctuation/spacing,"regarded,",regarded,Communion is not to be [regarded] as a part of either,1,,,,
552,65,49,word,invanable,invariable,"either Sacrament, nor as an [invariable] condition of their admission to",1,,,,
553,65,49,word,u'hen,when,in ordinary cases; the occasions [when] it may be necessary or,1,,,,
554,65,49,word,judg7ne7it,judgment,left to the prudence and [judgment] of the Officers of the,1,,,,
555,66,50,heading (re-cased/corrected),AN ORDER FOR THE RECEPTION OF COMMUNICANTS FROM OTHER CHURCHES. U,An Order for the Reception of Communicants from Other Churches,[An Order for the Reception of Communicants from Other Churches] This Order may be used,1,,,,
556,66,50,rubric mark (¶),U,,Service preparatory to the Communion. [] If Communicants are received from,,,,,
557,66,50,word,Commutiicants,Communicants,"preparatory to the Communion. If [Communicants] are received from other Churches,",1,,,,
558,66,50,drop capital,T^EARLY,DEARLY,"rise, may address them, saying: [DEARLY] beloved, Having before made public",1,,,,
559,66,50,word,IT The7i,Then,to its government and discipline. [Then] the Minister may bid all,1,,,,
560,66,50,word,chxirch,church,"all the Members of the [church] to rise, and speaking for",1,,,,
561,66,50,drop capital,TN,IN,"for them, he shall say, [IN] the Name of the Lord",1,,,,
562,66,50,word,Ame7i.,Amen.,of our Lord Jesus Christ. [Amen.],5,,,,
563,67,51,heading (re-cased/corrected),THE ORDER FOR THE SOLEMNIZATION OF MARRIAGE. ^,The Order for the Solemnization of Marriage,[The Order for the Solemnization of Marriage] Forasmuch as Marriage is a,1,,,,
564,67,51,word,himian,human,"sacred relation, the ground of [human] fellowship and society, and most",1,,,,
565,67,51,word,xirecious,precious,"fellowship and society, and most [precious] to mankind; although it be",1,,,,
566,67,51,word,Sacrcimetit,Sacrament,although it be not a [Sacrament] nor peculiar to the Church,1,,,,
567,67,51,word,ijeculiar,peculiar,"be not a Sacrament nor [peculiar] to the Church of Christ,",1,,,,
568,67,51,word,lawfal,lawful,"it be solemnized by a [lawful] Minister, that he may give",1,,,,
569,67,51,word,hohj,holy,"of God to those entering [holy] wedlock, and invoke the Divine",1,,,,
570,67,51,rubric mark (¶),H,,the Divine blessing upon them. [] The Persons to be married,,,,,
571,67,51,word,J'ersons,Persons,Divine blessing upon them. The [Persons] to be married shall present,1,,,,
572,67,51,punctuation/spacing,apostles.,"apostles,","unto his wife. By His [apostles,] He has instructed those who",1,,,,
573,68,52,rubric mark (¶),IT,,"[] Then, speaking unto the Persons",,,,,
574,68,52,word,T,I,"be married, he shall say, [I] CHARGE you both, before the",1,,,,
575,68,52,rubric mark (¶),IT,,"is not blessed by Him. [] Then, if no impediment appear,",,,,,
576,68,52,drop capital,A LMIGHTY,ALMIGHTY,"shall say, Let us pray. [ALMIGHTY] and ever blessed God, whose",1,,,,
577,68,52,punctuation/spacing,new^,new,"Thy Spirit, giving them a [new] frame of heart fit for",1,,,,
578,68,52,word,ncAV,new,of heart fit for their [new] estate; and enrich them with,1,,,,
579,68,52,rubric mark (¶),H,,our Lord Jesus Christ. Amen. [] Then the Minister shall say,,,,,
580,68,52,drop capital,"\i\,","M——,","shall say to the Man, [M——,] wilt thou have this Woman",1,,,,
581,68,52,punctuation/spacing,^^^,,"to be thy wife, and [] wilt thou pledge thy troth",,,,,
582,69,53,rubric mark (¶),t,,[] Then the Minister shall say,,,,,
583,69,53,drop capital,"""^,","N——,","shall say to the Woman, [N——,] wilt thou have this Man",1,,,,
584,69,53,punctuation/spacing,-^^,,"to be thy husband, and [] wilt thou pledge thy troth",,,,,
585,69,53,rubric mark (¶),H,,"Woman shall answer, I will. [] Then the Minister may say,",,,,,
586,69,53,word,tnay,may,"I will. Then the Minister [may] say, WHO giveth this Woman",1,,,,
587,69,53,drop capital,TyHO,WHO,"Then the Minister may say, [WHO] giveth this Woman to be",1,,,,
588,69,53,rubric mark (¶),IT,,"be married to this Man? [] Then the father, (or guardian",,,,,
589,69,53,punctuation/spacing,{or,(or,"this Man? Then the father, [(or] guardian or any friend,) of",1,,,,
590,69,53,drop capital,T,"I,","say after him as follows: [I,] M., take thee N., To",,,,,
591,69,53,punctuation/spacing,witnesses.,"witnesses,","covenant, Before God and these [witnesses,] To be thy loving and",1,,,,
592,69,53,punctuation/spacing,husband.,"husband,","be thy loving and faithful [husband,] In plenty and in want,",1,,,,
593,69,53,punctuation/spacing,want.,"want,","husband, In plenty and in [want,] In joy and in sorrow,",1,,,,
594,69,53,punctuation/spacing,sorrow.,"sorrow,","want, In joy and in [sorrow,] In sickness and in health,",1,,,,
595,69,53,word,"live, H",live.,long as we both shall [live.] Then shall they loose their,1,,,,
596,69,53,drop capital,"T iV.,","I, N.,","likewise say after the Minister: [I, N.,] take thee M., To be",,,,,
597,69,53,word,"3/.,","M.,","Minister: I, N., take thee [M.,] To be my wedded husband;",,,,,
598,69,53,word,^9,,"wedded husband; And I do [] promise and covenant, Before God",,,,,
599,69,53,punctuation/spacing,witnesses.,"witnesses,","covenant, Before God and these [witnesses,] To be thy loving and",1,,,,
600,69,53,punctuation/spacing,sorrow.,"sorrow,","want, In joy and in [sorrow,] In sickness and in health,",1,,,,
601,69,53,rubric mark (¶),H,,"as we both shall live. [] Then, if a Ring be",,,,,
602,69,53,word,Riiig,Ring,"shall live. Then, if a [Ring] be provided, it shall be",1,,,,
603,69,53,word,xvho,who,"be given to the Minister, [who] shall return it to the",1,,,,
604,69,53,punctuation/spacing,uponthe,upon the,who shall then put it [upon the] fourth finger of the Woman's,1,,,,
605,69,53,drop capital,T^HIS,THIS,"hand, saying after the Minister, [THIS] Ring I give thee, In",1,,,,
606,69,53,punctuation/spacing,pledge.,"pledge,","give thee, In token and [pledge,] Of our constant faith, And",1,,,,
607,70,54,rubric mark (¶),IT,,"[] Then the Minister shall say,",,,,,
608,70,54,drop capital,1\/r08T,MOST,"shall say, Let us pray. [MOST] merciful and gracious God, of",1,,,,
609,70,54,word,iu,in,of whom the whole family [in] heaven and earth is named;,1,,,,
610,70,54,word,\ipon,upon,and earth is named; Bestow [upon] these Thy servants the seal,1,,,,
611,70,54,drop capital,/^UR,OUR,"Jesus Christ our Lord. Amen. [OUR] Father which art in heaven,",1,,,,
612,70,54,punctuation/spacing,earth.,"earth,","Thy will be done in [earth,] As it is in heaven.",5,,,,
613,70,54,punctuation/spacing,debts.,"debts,","bread. And forgive us our [debts,] As we forgive our debtors.",5,,,,
614,70,54,rubric mark (¶),U,,"the glory, for ever. Amen. [] Then shall the Minister say",,,,,
615,70,54,drop capital,T>Y,BY,"unto all who are present, [BY] the authority committed unto me",1,,,,
616,70,54,word,"AVife,","Wife,","N. are now Husband and [Wife,] according to the ordinance of",1,,,,
617,70,54,word,SoU;,"Son,","the Father, and of the [Son,] and of the Holy Ghost.",4,,,,
618,70,54,rubric mark (¶),H,,"of the Holy Ghost. Amen. [] Then, causing the Husband and",,,,,
619,70,54,drop capital,"""VyHOM",WHOM,"hands, the Minister shall say, [WHOM] therefore God hath joined together,",1,,,,
620,70,54,rubric mark (¶),IT,,let no man put asunder. [] And the Minister shall pronounce,,,,,
621,70,54,word,j^ou,you,countenance upon you and give [you] peace: Both now and in,1,,,,
622,70,54,word,Ame?i.,Amen.,and in the life everlasting. [Amen.],1,,,,
623,71,55,heading (re-cased/corrected),THE ORDER FOR THE BURIAL OF THE DEAD. 1,The Order for the Burial of the Dead,[The Order for the Burial of the Dead] When all are assembled in,1,,,,
624,71,55,word,ivith,with,Minister shall begin the Service [with] one or more of these,1,,,,
625,71,55,word,SenTE>rcES /rom,Sentences from,one or more of these [Sentences from] the Holy Scriptures. OUR help,1,,,,
626,71,55,drop capital,/'^UR,OUR,Sentences from the Holy Scriptures. [OUR] help is in the Name,1,,,,
627,71,55,punctuation/spacing,heaven^and,heaven and,"of the Lord, who made [heaven and] earth. (Psalm cxxiv. 8.) FOR",1,,,,
628,71,55,punctuation/spacing,{Psalm,(Psalm,who made heaven and earth. [(Psalm] cxxiv. 8.) FOR we are,1,,,,
629,71,55,drop capital,'''^ I^OR,FOR,and earth. (Psalm cxxiv. 8.) [FOR] we are strangers before Thee,1,,,,
630,71,55,drop capital,A LL,ALL,"abiding. (1 Chronicles xxix. 15.) [ALL] flesh is grass, and all",1,,,,
631,71,55,punctuation/spacing,{Isaiah,(Isaiah,God shall stand for ever. [(Isaiah] xl. 6-8.) LIKE as a,1,,,,
632,71,55,drop capital,T IKE,LIKE,for ever. (Isaiah xl. 6-8.) [LIKE] as a father pitieth his,1,,,,
633,71,55,punctuation/spacing,{Psalm,(Psalm,"remembereth that we are dust. [(Psalm] ciii. 13, 14.) I AM",1,,,,
634,71,55,word,T,I,"dust. (Psalm ciii. 13, 14.) [I] AM the Resurrection, and the",1,,,,
635,71,55,punctuation/spacing,believe th,believeth,"and the Life: he that [believeth] in Me, though he were",1,,,,
636,71,55,word,belleveth,believeth,live: and whosoever liveth and [believeth] in Me shall never die.,1,,,,
637,71,55,punctuation/spacing,{St.,(St.,"in Me shall never die. [(St.] John xi. 25, 26.) Then",1,,,,
638,71,55,word,26. ) t,26.),"die. (St. John xi. 25, [26.)] Then let the Minister say,",1,,,,
639,71,55,rubric mark (¶),t,,"Minister say, Let us pray. [] Then shall he lead the",,,,,
640,71,55,word,usiuf/,using,"the People in the Invocation, [using] if he will one of",1,,,,
641,71,55,punctuation/spacing,following),following,"he will one of the [following] Prayers, and ending with the",1,,,,
642,71,55,word,ivith,with,"the following Prayers, and ending [with] the Lord's Prayer. ALMIGHTY God,",1,,,,
643,72,56,word,56 THE BURIAL OF THE DEAD. A LMIGHTY,ALMIGHTY,"[ALMIGHTY] God, our heavenly Father, who",2,,,,
644,72,56,word,"mercj',","mercy,","grace, that we may obtain [mercy,] and find grace to help",2,,,,
645,72,56,drop capital,r^UR,OUR,"Jesus Christ our Lord. Amen. [OUR] Father in heaven, whose pity",1,,,,
646,72,56,word,inlinite,infinite,"in heaven, whose pity is [infinite] and whose will is sovereign;",1,,,,
647,72,56,word,wemaj^have,we may have,and comfort of the Scriptures [we may have] hope; and grant us the,1,,,,
648,72,56,drop capital,r^UR,OUR,"Jesus Christ our Lord. Amen. [OUR] Father which art in heaven,",1,,,,
649,72,56,punctuation/spacing,heaven.,"heaven,","OUR Father which art in [heaven,] Hallowed be Thy Name. Thy",6,,,,
650,72,56,rubric mark (¶),H,,"the glory, for ever. Amen. [] Then let one or more",,,,,
651,72,56,word,foUoimng,following,"one or more of the [following] Psalms be chanted or read,",1,,,,
652,72,56,drop capital,"T ORI),","LORD,","Gloria Patri: Psalm xxxix. 4-13. [LORD,] make me to know mine",1,,,,
653,72,56,word,tliou,thou,"how frail I am. Behold, [thou] hast made my days as",1,,,,
654,72,56,punctuation/spacing,heapethup,heapeth up,"are disquieted in vain: he [heapeth up] riches, and knoweth not who",1,,,,
655,72,56,punctuation/spacing,now.,"now,","who shall gather them. And [now,] Lord, what wait I for:",1,,,,
656,73,57,word,tliy,thy,unto my cry; hold not [thy] peace at my tears: for,1,,,,
657,73,57,drop capital,"T ORD,","LORD,","be no more. Psalm xc. [LORD,] thou hast been our dwelling",1,,,,
658,73,57,punctuation/spacing,genera^ tions.,generations.,our dwelling place: in all [generations.] Before the mountains were brought,1,,,,
659,74,58,word,80,So,[So] teach us to number our,1,,,,
660,74,58,word,0,O,repent thee concerning thy servants. [O] satisfy us early with thy,1,,,,
661,74,58,word,cm.,ciii.,Burial of a Child. Psalm [ciii.] 13-18. LIKE as a father,1,,,,
662,74,58,drop capital,T IKE,LIKE,a Child. Psalm ciii. 13-18. [LIKE] as a father pitieth his,1,,,,
663,74,58,word,tlourisheth.,flourisheth.,"of the field, so he [flourisheth.] For the wind passeth over",1,,,,
664,74,58,word,tlie,the,more. But the mercy of [the] Lord is from everlasting to,1,,,,
665,74,58,word,iiis,his,and to those that remember [his] commandments to do them. Psalm,1,,,,
666,74,58,drop capital,/^UT,OUT,to do them. Psalm cxxx. [OUT] of the depths have I,1,,,,
667,74,58,punctuation/spacing,^^,,"cried: unto thee, O Lord. [] Lord, hear my voice: let",,,,,
668,74,58,word,tt),to,let Thine ears be attentive [to] the voice of my supplications.,1,,,,
669,75,59,punctuation/spacing,may est,mayest,forgiveness with thee: that thou [mayest] be feared. I wait for,1,,,,
670,75,59,word,jVIy,My,his word do I hope. [My] soul waiteth for the Lord,1,,,,
671,75,59,drop capital,fT^HE,THE,all his iniquities. Psalm xxiii. [THE] Lord is my shepherd: I,1,,,,
672,75,59,word,/'3 -^,,shepherd: I shall not want. [] He maketh me to lie,,,,,
673,75,59,rubric mark (¶),U,,"be: world without end. Amen. [] If so desired, a Hymn",,,,,
674,75,59,word,Antliem,Anthem,"so desired, a Hymn or [Anthem] may here be sung. Then",1,,,,
675,75,59,word,•ij 'I'hen,Then,Anthem may here be sung. [Then] let the Minister read one,1,,,,
676,75,59,word,followiny,following,"Minister read one of the [following] Lessons from the Holy Scriptures,",1,,,,
677,75,59,word,ComNTiiiANS XV.,Corinthians xv.,our admonition and comfort. 1 [Corinthians xv.] 20-28; 35-58. NOW is Christ,1,,,,
678,75,59,drop capital,^OW,NOW,1 Corinthians xv. 20-28; 35-58. [NOW] is Christ risen from the,1,,,,
679,75,59,punctuation/spacing,first-^ fruits,first-fruits,"the dead, and become the [first-fruits] of them that slept. For",1,,,,
680,76,60,word,wiien,when,"coming. Then cometh the end, [when] he shall have delivered up",1,,,,
681,76,60,punctuation/spacing,w^hen,when,"to God, even the Father; [when] he shall have put down",1,,,,
682,76,60,word,wiien,when,"things under his feet. But [when] he saith, All things are",1,,,,
683,76,60,word,Sou,Son,"unto him, then shall the [Son] also himself be subject unto",1,,,,
684,76,60,punctuation/spacing,ma.y,may,"things under him, that God [may] be all in all. But",1,,,,
685,76,60,word,sa}'.,"say,","all. But some man will [say,] How are the dead raised",1,,,,
686,76,60,word,w^hat bod)',what body,"dead raised up? and with [what body] do they come? Thou fool,",1,,,,
687,76,60,punctuation/spacing,w^hich,which,"except it die. And that [which] thou sowest, thou sowest not",1,,,,
688,76,60,heading (re-cased),"Weakness,","weakness,","glory: it is sown in [weakness,] it is raised in power:",1,,,,
689,76,60,word,"bod}',","body,","it is sown a natural [body,] it is raised a spiritual",1,,,,
690,77,61,word,"incorruptiWe,","incorruptible,","the dead shall be raised [incorruptible,] and we shall be changed.",1,,,,
691,77,61,punctuation/spacing,written.,"written,","pass the saying that is [written,] Death is swallowed up in",1,,,,
692,77,61,rubric mark (¶),H,,in vain in the Lord. [] Or this: St. John xiv.,,,,,
693,77,61,punctuation/spacing,1-3.,"1-3,","Or this: St. John xiv. [1-3,] 15-20, 25-27; 1 Thessalonians iv.",1,,,,
694,77,61,word,25-2?;,25-27;,"St. John xiv. 1-3, 15-20, [25-27;] 1 Thessalonians iv. 13, and",1,,,,
695,77,61,heading (re-cased),IV.,iv.,"1-3, 15-20, 25-27; 1 Thessalonians [iv.] 13, and v. 1-11. LET",1,,,,
696,77,61,heading (re-cased/corrected),AND V. 1-11 T ET,and v. 1-11. LET,"25-27; 1 Thessalonians iv. 13, [and v. 1-11. LET] not your heart be troubled:",,,,,
697,77,61,punctuation/spacing,-^,,"ye believe in God, believe [] also in me. In my",,,,,
698,77,61,word,seetli,seeth,"world cannot receive, because it [seeth] him not, neither knoweth him:",1,,,,
699,77,61,punctuation/spacing,dwelleth-,dwelleth,"ye know him; for he [dwelleth] with you, and shall be",1,,,,
700,77,61,word,"W.^i""^ """"",,"me, and I in you. [] These things have I spoken",,,,,
701,78,62,word,uuto,unto,"you, my peace I give [unto] you: not as the world",1,,,,
702,78,62,word,T,I,neither let it be afraid. [I] WOULD not have you to,1,,,,
703,78,62,punctuation/spacing,w^e,we,"word of the Lord, that [we] which are alive and remain",1,,,,
704,78,62,word,lise,rise,the dead in Christ shall [rise] first: then we which are,1,,,,
705,78,62,word,knov^^,know,"write unto you. For yourselves [know] perfectly, that the day of",1,,,,
706,78,62,word,cometli,cometh,day of the Lord so [cometh] as a thief in the,1,,,,
707,79,63,rubric mark (¶),H,,"[] Or this: Revelation xxi. 1-4,",,,,,
708,79,63,drop capital,A ND,AND,"xxi. 1-4, 22-27; xxii. 1-7. [AND] I saw a new heaven",1,,,,
709,79,63,word,people^nd,"people, and","and they shall be his [people, and] God himself shall be with",1,,,,
710,79,63,punctuation/spacing,^And,And,"them, and be their God. [And] God shall wipe away all",1,,,,
711,79,63,word,away .If,away.,the former things are passed [away.] And I saw no temple,1,,,,
712,79,63,word,xVnd,And,the healing of the nations. [And] there shall be no more,1,,,,
713,79,63,punctuation/spacing,me.,"me,","ever. And he said unto [me,] These sayings are faithful and",1,,,,
714,80,64,word,aud,and,true: [and] the Lord God of the,1,,,,
715,80,64,word,ano;el,angel,the holy prophets sent his [angel] to shew unto his servants,1,,,,
716,80,64,word,shordy,shortly,"servants the things which must [shortly] be done. Behold, I come",1,,,,
717,80,64,drop capital,"""TiAVID",DAVID,Child. 2 Samuel xii. 16-23. [DAVID] therefore besought God for the,1,,,,
718,80,64,punctuation/spacing,^-^,,"for the child; and David [] fasted, and went in, and",,,,,
719,80,64,punctuation/spacing,said.,"said,","child was dead: for they [said,] Behold, while the child was",1,,,,
720,80,64,word,\mto,unto,and he would not hearken [unto] our voice: how will he,1,,,,
721,80,64,word,aud,and,"was dead, thou didst rise [and] eat bread. And he said,",1,,,,
722,80,64,punctuation/spacing,said.,"said,","fasted and wept: for I [said,] Who can tell whether God",1,,,,
723,80,64,punctuation/spacing,-'^,,"children to him, that he [] should touch them: and his",,,,,
724,80,64,word,toucli,touch,"to him, that he should [touch] them: and his disciples rebuked",1,,,,
725,81,65,word,"arris,","arms,","took them up in his [arms,] put his hands upon them,",1,,,,
726,81,65,drop capital,A ND,AND,Revelation xxii. 4; vii. 16-17. [AND] they shall see his face;,1,,,,
727,81,65,punctuation/spacing,-^,,his name shall be in [] their foreheads. They shall hunger,,,,,
728,81,65,rubric mark (¶),t,,all tears from their eyes. [] And at the close of,,,,,
729,81,65,word,readimj,reading,at the close of the [reading] from the Holy Scriptures the,1,,,,
730,81,65,drop capital,T^HE,THE,"Scriptures the Minister may say, [THE] Lord gave, and the Lord",1,,,,
731,81,65,punctuation/spacing,Lord,Lord.,"be the Name of the [Lord.] If it be thought desirable,",1,,,,
732,81,65,rubric mark (¶),Tf,,"Name of the Lord. If [] it be thought desirable, an",,,,,
733,81,65,rubric mark (¶),II,,Address may here be made. [] Then a Hymn may be,,,,,
734,81,65,punctuation/spacing,Minister.- ^,Minister.,"may be read by the [Minister.] Then the People, standing, may",1,,,,
735,81,65,word,tvith,with,"the People, standing, may join [with] the Minister in their Confession",1,,,,
736,81,65,word,T,I,in their Confession of Faith. [I] BELIEVE in God the Father,1,,,,
737,81,65,punctuation/spacing,Mak-er,Maker,"in God the Father Almighty, [Maker] of heaven and earth: And",3,,,,
738,81,65,punctuation/spacing,hell;],hell; ],and buried; [He descended into [hell; ]] The third day He rose,,,,,
739,82,66,rubric mark (¶),H,,"[] Then let the Minister say,",,,,,
740,82,66,rubric mark (¶),H,,"Minister say, Let us pray. [] The Minister may, if he",,,,,
741,82,66,word,"7nay,","may,","Let us pray. The Minister [may,] if he so desire, use",1,,,,
742,82,66,word,foUowiiu/,following,"desire, use any of the [following] Prayers, ordering the same with",1,,,,
743,82,66,word,r\,O,"the present circumstances. For Resignation. [O] LORD God, our heavenly Father,",1,,,,
744,82,66,punctuation/spacing,Au^-^ thor,Author,"Father, who alone art the [Author] and the Disposer of our",1,,,,
745,82,66,drop capital,A LMIGHTY,ALMIGHTY,"Lord. Amen. For those Bereaved. [ALMIGHTY] and most merciful God, the",1,,,,
746,82,66,punctuation/spacing,"of, -^",of,"most merciful God, the Consolation [of] the sorrowful, and the Support",1,,,,
747,82,66,word,Th}^,Thy,"pity, we beseech Thee, upon [Thy] bereaved servants, whose joy is",1,,,,
748,82,66,punctuation/spacing,mercies.,"mercies,","rod; but, remembering all Thy [mercies,] Thy promises, and Thy love",1,,,,
749,82,66,word,"bauds,","hands,","resign themselves meekly into Thy [hands,] to be taught and disciplined",1,,,,
750,82,66,word,L^se,Use,"Lord. Amen. For the Right [Use] of Affliction. O GOD, whose",1,,,,
751,82,66,word,f\,O,"the Right Use of Affliction. [O] GOD, whose days are without",1,,,,
752,82,66,punctuation/spacing,^-^,,"without end, and whose mercies [] cannot be numbered; Make us,",,,,,
753,83,67,word,nnto,unto,"generation, we may be gathered [unto] our fathers, having the testimony",1,,,,
754,83,67,word,Arnen.,Amen.,through Jesus Christ our Lord. [Amen.] For Comfort. O LORD Jesus,1,,,,
755,83,67,word,r\,O,"our Lord. Amen. For Comfort. [O] LORD Jesus Christ, we beseech",1,,,,
756,83,67,word,eaabled,enabled,"indwelling, that they may be [enabled] to contemplate the joy of",1,,,,
757,83,67,word,f\,O,"the Comfort of Christ's Presence. [O] LORD Jesus Christ, who Thyself",1,,,,
758,83,67,word,aflElicted,afflicted,"them. Reveal Thyself unto Thine [afflicted] servants, and cause them to",1,,,,
759,83,67,word,"ChiivD. ""IVrOST",Child. MOST,"At the Burial of a [Child. MOST] merciful Father, who hast hastened",,,,,
760,84,68,word,f\,O,"God's Grace to the Departed. [O] GOD, who art the Strength",1,,,,
761,84,68,word,Especialh',Especially,the salvation of their souls. [Especially] we call to remembrance Thy,1,,,,
762,84,68,word,7ns,his,Thy goodness that withheld not [his] portion in the joys of,1,,,,
763,84,68,word,Ms,his,hand along the way of [his] pilgrimage; we give Thee thanks,1,,,,
764,84,68,word,Jdvi,him,"Thy dear Name; that enabled [him] to fight the good fight,",1,,,,
765,84,68,drop capital,A LMIGHTY,ALMIGHTY,"to Imitate the Righteous Dead. [ALMIGHTY] and ever-living God, we yield",1,,,,
766,84,68,word,huml)ly,humbly,in their several generations; most [humbly] beseeching Thee to give us,1,,,,
767,84,68,word,Ameji.,Amen.,our only Mediator and Advocate. [Amen.],1,,,,
768,85,69,rubric mark (¶),U,,"[] Or this: ALMIGHTY God, who",,,,,
769,85,69,word,bod}^,body,"and fellowship, in the mystical [body] of Thy Son Christ our",1,,,,
770,85,69,punctuation/spacing,Thee =,Thee;,for them that unfeignedly love [Thee;] through Jesus Christ our Lord.,1,,,,
771,85,69,punctuation/spacing,OLORD,O LORD,"For Grace to Follow Christ. [O LORD] Jesus Christ, who by Thy",1,,,,
772,85,69,word,Ameii.,Amen.,"one God, world without end. [Amen.] For Endurance unto the End.",1,,,,
773,85,69,punctuation/spacing,"OGOD,","O GOD,","For Endurance unto the End. [O GOD,] Thou King eternal, immortal, and",1,,,,
774,85,69,word,tlie,the,"flesh, behold Thee steadfastly with [the] eye of faith, that we",1,,,,
775,85,69,word,tliat,that,"with the eye of faith, [that] we may not faint under",1,,,,
776,85,69,word,fulfiUed,fulfilled,"invisible; and grant that having [fulfilled] Thy will upon earth, we",1,,,,
777,85,69,word,liear,hear,"sake, we beseech Thee to [hear] us; and unto whom, with",1,,,,
778,85,69,drop capital,^OW,NOW,"and ever. Amen. The Benediction. [NOW] the God of peace, that",1,,,,
779,86,70,rubric mark (¶),H,,for ever and ever. Amen. [] Or this: THE peace of,,,,,
780,86,70,drop capital,rPHE,THE,"and ever. Amen. Or this: [THE] peace of God, which passeth",1,,,,
781,86,70,word,H Whe7i,When,remain with you always. Amen. [When] they are come to the,1,,,,
782,86,70,drop capital,"""IVTAN",MAN,"therein, let the Minister say, [MAN] that is born of a",1,,,,
783,86,70,punctuation/spacing,"know^est,","knowest,","pains of eternal death. Thou [knowest,] Lord, the secrets of our",1,,,,
784,86,70,punctuation/spacing,us.,"us,","to our prayer; but spare [us,] Lord most holy, O God",1,,,,
785,86,70,rubric mark (¶),1[,,"death, to fall from Thee. [] Or this: I AM the",,,,,
786,86,70,word,T,I,fall from Thee. Or this: [I] AM the Resurrection and the,1,,,,
787,87,71,rubric mark (¶),IT,,"[] Then, while earth is cast",,,,,
788,87,71,drop capital,"""PORASMUCH",FORASMUCH,"by, the Minister shall say, [FORASMUCH] as it hath pleased Almighty",1,,,,
789,87,71,word,broilier,brother,"world the soul of our [brother] departed (or, this child), we",1,,,,
790,87,71,punctuation/spacing,"{or,","(or,","soul of our brother departed [(or,] this child), we therefore commit",1,,,,
791,87,71,rubric mark (¶),IT,,subdue all things unto Himself. [] Then may be said or,,,,,
792,87,71,word,smig: T,sung: I,Then may be said or [sung: I] HEARD a voice from heaven,1,,,,
793,87,71,rubric mark (¶),IT,,their works do follow them. [] Then the Minister shall offer,,,,,
794,87,71,word,folloiv,follow,"or some other, and shall [follow] it with the Benediction. O",1,,,,
795,87,71,word,Benediotioj^. Q,Benediction. O,"shall follow it with the [Benediction. O] MERCIFUL God, the Father of",1,,,,
796,87,71,word,A^nen.,Amen.,"Christ, our Mediator and Redeemer. [Amen.]",1,,,,
797,88,72,drop capital,A LMIGHTY,ALMIGHTY,"[ALMIGHTY] God, with whom do live",1,,,,
798,88,72,word,biu-den,burden,"they are delivered from the [burden] of the flesh, are in",1,,,,
799,88,72,drop capital,^HE,THE,our Lord. Amen. The Benediction. [THE] grace of the Lord Jesus,1,,,,
800,88,72,word,op,of,all. Amen. At the Burial [of] the Dead at Sea. The,1,,,,
801,88,72,rubric mark (¶),U,,of the Dead at Sea. [] The same Order may be,,,,,
802,88,72,word,he,be,Sea. The same Order may [be] used; but the Words of,1,,,,
803,88,72,word,hut,but,same Order may be used; [but] the Words of Committal shall,1,,,,
804,88,72,word,Wokds,Words,may be used; but the [Words] of Committal shall be as,1,,,,
805,88,72,drop capital,T^ORASMUCH,FORASMUCH,Committal shall be as follows: [FORASMUCH] as it hath pleased Almighty,1,,,,
806,89,73,word,THE ORDER FOR . THE LICENSING OF CANDIDATES TO PREACH THE GOSPEL. II Meii,The Order for the Licensing of Candidates to Preach the Gospel Men,[The Order for the Licensing of Candidates to Preach the Gospel Men] who are seeking an entrance,1,,,,
807,89,73,word,havim/,having,"entrance to the Christian Ministry, [having] been taken under the care",1,,,,
808,89,73,word,requircnients,requirements,"Presbytery, and having fulfilled the [requirements] of the Form of Government",1,,,,
809,89,73,punctuation/spacing,"(Chap,",(Chap.,"of the Form of Government [(Chap.] xiv), are then to be",1,,,,
810,89,73,word,j)reach,preach,be licensed by Presbytery to [preach] the Gospel and so to,1,,,,
811,89,73,rubric mark (¶),H,,"gifts for the sacred office. [] At the discretion of Presbytery,",,,,,
812,89,73,word,7nay,may,"Presbytery, the Licensing of Candidates [may] follow a specially appointed Service",1,,,,
813,89,73,word,"p)vaise,","praise,","a specially appointed Service of [praise,] prayer, and the preaching of",1,,,,
814,89,73,word,tvith,with,and all present to attend [with] reverence the Licensure of Candidates,1,,,,
815,89,73,rubric mark (¶),If,,Candidates for the Christian Ministry. [] Let all stand while the,,,,,
816,89,73,drop capital,TDRAISE waitetli,PRAISE waiteth,"appointed, reads the following Sentences. [PRAISE waiteth] for Thee, O God, in",1,,,,
817,89,73,rubric mark (¶),U,,forth labourers into His harvest. [] Let all bow down while,,,,,
818,89,73,heading (re-cased/corrected),T ET US,LET us,"appointed, leads in Prayer, saying: [LET us] pray for the increase of",1,,,,
819,90,74,rubric mark (¶),H,,"[] Here shall follow the Prayer,",,,,,
820,90,74,word,follorv,follow,"Here shall [follow] the Prayer, which, if so",1,,,,
821,90,74,word,pjj.,pp.,"in the Treasury of Prayers, [pp.] 130-133. Then the Moderator shall",1,,,,
822,90,74,rubric mark (¶),U,,"Treasury of Prayers, pp. 130-133. [] Then the Moderator shall say:",,,,,
823,90,74,punctuation/spacing,preaching'of,preaching of,riches of Christ by the [preaching of] the Gospel. Unto His Church,1,,,,
824,90,74,word,opportunit}',opportunity,"works, but should also have [opportunity] to make trial of their",1,,,,
825,90,74,word,chiu'ches,churches,to approve themselves to the [churches] as workmen fitted rightly to,1,,,,
826,90,74,word,rightlj^,rightly,the churches as workmen fitted [rightly] to divide the Word of,1,,,,
827,90,74,word,Chiuch,Church,Form of Government of this [Church] the oversight of these matters,1,,,,
828,90,74,word,Avith,with,"this examination, and being satisfied [with] its result, this Presbytery of",1,,,,
829,90,74,punctuation/spacing,,——,"its result, this Presbytery of [——] is ready to license and",1,,,,
830,90,74,word,\]iere,[here,"the Ministry, the following Persons, [[here] let the Candidates be named,]",,,,,
831,90,74,word,he,be,"Persons, [here let the Candidates [be] named,] who will now present",,,,,
832,90,74,rubric mark (¶),H,,present themselves before their brethren. [] Let the Candidates stand before,,,,,
833,90,74,word,foUowiiuj QxTESTiONS;,following Questions;,Moderator while he asks the [following Questions;] to each of which they,1,,,,
834,90,74,drop capital,\\0,DO,"shall answer, saying, I do. [DO] you believe the Scriptures of",1,,,,
835,90,74,word,AVord,Word,"New Testaments to be the [Word] of God, the only infallible",1,,,,
836,90,74,word,"S3""stem",system,"this Church, as containing the [system] of doctrine taught in the",1,,,,
837,91,75,word,goveinment,government,"in the Lord, to the [government] of this Presbytery, or of",1,,,,
838,91,75,word,"Pi-esbytery,","Presbytery,","to the government of this [Presbytery,] or of any other Presbytery",1,,,,
839,91,75,rubric mark (¶),H,,"which you may be called? [] The Candidates shall remain standing,",,,,,
840,91,75,word,xipon,upon,"standing, and the Moderator, calling [upon] all the Members of the",1,,,,
841,91,75,drop capital,TN,IN,"Presbytery to rise, shall say: [IN] the Name of the Lord",1,,,,
842,91,75,word,\Jiere,[here,"you: and for this purpose, [[here] the Moderator may take each",1,,,,
843,91,75,word,hy,by,"take each of the Candidates [by] the hand, saying to each,]",,,,,
844,91,75,rubric mark (¶),IT,,Christ fill your heart. Amen. [] Then may be sung the,,,,,
845,91,75,word,r\,O,"following or some other Hymn: [O] WORD of God Incarnate, O",1,,,,
846,91,75,punctuation/spacing,footsteps.,"footsteps,","page, A lantern to our [footsteps,] Shines on from age to",1,,,,
847,91,75,punctuation/spacing,divine.,"divine,","dear Master Received the gift [divine,] And still that light she",1,,,,
848,91,75,punctuation/spacing,"Word,",Word.,"picture Of Christ, the living [Word.] It floateth like a banner",1,,,,
849,91,75,punctuation/spacing,w^orld.,world.,a beacon Above the darkling [world.] It is the chart and,1,,,,
850,92,76,word,Tliy,Thy,To bear before the nations [Thy] true light as of old.,1,,,,
851,92,76,punctuation/spacing,trace.,"trace,","By this their path to [trace,] Till, clouds and darkness ended,",1,,,,
852,92,76,rubric mark (¶),U,,"Thee face to face. Amen. [] Then the Moderator, or the",,,,,
853,92,76,punctuation/spacing,say.,"say,","or the Minister appointed, shall [say,] Let us pray. The Prayer",1,,,,
854,92,76,word,pra3^ IT,pray.,"appointed, shall say, Let us [pray.] The Prayer may be offered",1,,,,
855,92,76,word,f\,O,"these or other fitting words: [O] GOD, the Father eternal, who",1,,,,
856,92,76,word,"serva/its,","servants,","Church: Bestow upon these Thy [servants,] whom we bless in Thy",1,,,,
857,92,76,word,Hol}^,Holy,"the sevenfold gifts of Thy [Holy] Spirit, that they may be",1,,,,
858,92,76,word,thef/,they,"guidance of divine love, that [they] may live near to God",1,,,,
859,92,76,word,Sou.,Son.,"man, in fellowship with Thy [Son.] Strengthen their faith, confirm their",1,,,,
860,92,76,word,theii',their,"confirm their courage, and deepen [their] joy in work for Thee,",1,,,,
861,92,76,word,man}^,many,reward of those that turn [many] to righteousness. So may the,1,,,,
862,92,76,word,Th}',Thy,of Thy kingdom; build up [Thy] holy Church throughout the world;,1,,,,
863,92,76,drop capital,T^HE,THE,for ever and ever. Amen. [THE] grace of the Lord Jesus,1,,,,
864,92,76,word,comnuinion,communion,"love of God, and the [communion] of the Holy Ghost, be",5,,,,
865,93,77,heading (re-cased/corrected),THE ORDER FOR THE ORDINATION OF MINISTERS. IT,The Order for the Ordination of Ministers,[The Order for the Ordination of Ministers] A Candidate for the Holy,1,,,,
866,93,77,word,qnalifled,qualified,"the Presbytery that he is [qualified] for the sacred office, shall",1,,,,
867,93,77,word,shcdl,shall,"qualified for the sacred office, [shall] be presented for Ordination. When",1,,,,
868,93,77,rubric mark (¶),^,,shall be presented for Ordination. [] When the Presbytery shall approve,,,,,
869,93,77,word,ax>provea,approve a,Ordination. When the Presbytery shall [approve a] Candidate who has fulfilled all,1,,,,
870,93,77,rubric mark (¶),U,,made in the following Order. [] The day appointed for Ordination,,,,,
871,93,77,punctuation/spacing,a ppointed,appointed,"the following Order. The day [appointed] for Ordination being come, and",1,,,,
872,93,77,word,"coyne,","come,","day appointed for Ordination being [come,] and the Presbytery convened, a",1,,,,
873,93,77,word,siich,such,"to the usual Order, or [such] special Order as the Presbytery",1,,,,
874,93,77,word,apiiointed,appointed,"and the same, or another [appointed] to preside, shall conduct the",1,,,,
875,93,77,word,asfollo^vs: T^HE,as follows: THE,"shall conduct the Ordination, saying [as follows: THE] Presbytery of —— —— is",1,,,,
876,93,77,punctuation/spacing,,—— ——,as follows: THE Presbytery of [—— ——] is here assembled to ordain,1,,,,
877,93,77,punctuation/spacing,-■-,,is here assembled to ordain [] to the sacred office of,,,,,
878,93,77,word,Theivords,,called to be your Pastor. [] We have duly considered the,,,,,
879,93,77,word,\]\rolfghout,,considered the call which you [] have presented to him through,,,,,
880,93,77,punctuation/spacing,us.],us. ],have presented to him through [us. ]] We have diligently inquired into,,,,,
881,93,77,word,this Order,,through us. ] We have [] diligently inquired into his soundness,,,,,
882,93,77,word,doc- are to be trine,doctrine,"inquired into his soundness of [doctrine] and holiness of life, and",1,,,,
883,93,77,word,themxlinahis,his,"life, and are certified of [his] meetness in respect to gifts",1,,,,
884,93,77,word,tionofan,,"respect to gifts and learning [] for this excellent work, as",,,,,
885,93,77,word,Evayigelist.,,"work, as required in God's [] holy Word. We, therefore, present",,,,,
886,93,77,word,Mm.,him,"holy Word. We, therefore, present [him] before you to receive ordination",1,,,,
887,93,77,word,,The words in brackets throughout this Order are to be omitted at the ordination of an Evangelist. (Marginal note in the original.),the hands of the Presbytery. [The words in brackets throughout this Order are to be omitted at the ordination of an Evangelist. (Marginal note in the original.)],,,,,
888,94,78,word,IT Tlcen,Then,[Then] the Candidate shall stand before,1,,,,
889,94,78,word,s/iall,shall,"Then the Candidate [shall] stand before the Presiding Minister,",1,,,,
890,94,78,drop capital,T^EARLY,DEARLY,"Presiding Minister, who shall say: [DEARLY] beloved in the Lord, you",1,,,,
891,94,78,word,tlie,the,"shall say: DEARLY beloved in [the] Lord, you have heard both",1,,,,
892,94,78,word,"Preslb3'tery,","Presbytery,","in your examination by the [Presbytery,] and in the words already",1,,,,
893,94,78,word,f ajiiily;,family;,"and provide for, the Lord's [family;] and to look for the",1,,,,
894,94,78,word,^Ve,We,saved through Him for ever. [We] have good hope that you,1,,,,
895,94,78,punctuation/spacing,and',and,"these things before this time, [and] that you have clearly determined",1,,,,
896,94,78,word,give?/r>?/r6:^(f,give yourself,"determined by God's grace to [give yourself] wholly to this office, whereunto",1,,,,
897,94,78,word,examjjJe,example,be a wholesome and godly [example] and pattern for the people,1,,,,
898,94,78,word,j^ou,you,"promise may the more move [you] to do your duty, you",1,,,,
899,94,78,word,A nsicer:,Answer:,rule of faith and practice? [Answer:] I do so believe. Do,1,,,,
900,94,78,word,Ansicer: 1,Answer: I,taught in the Holy Scriptures? [Answer: I] do so receive it. Do,1,,,,
901,94,78,word,Ansicer:,Answer:,Church in these United States? [Answer:] I do.,1,,,,
902,95,79,word,Ansioer:,Answer:,your brethren in the Lord? [Answer:] I do. Have you been,1,,,,
903,95,79,word,A nsicer:,Answer:,to you on that account? [Answer:] I do so promise. Do,1,,,,
904,95,79,word,"dvities,","duties,","well as in all relative [duties,] and the public duties of",1,,,,
905,95,79,word,A?isicer:,Answer:,"God shall make you overseer? [Answer:] I do so engage, relying",1,,,,
906,95,79,drop capital,A RE,ARE,the Ordination of a Pastor: [ARE] you now willing to take,1,,,,
907,95,79,word,Ansicer:,Answer:,"God shall give you strength? [Answer:] I am willing, and I",1,,,,
908,95,79,punctuation/spacing,"Helper,",Helper.,"promise, the Lord being my [Helper.] Or, At the Ordination of",1,,,,
909,95,79,drop capital,A RE,ARE,the Ordination of an Evangelist: [ARE] you now willing to undertake,1,,,,
910,95,79,word,Ansioer:,Answer:,"God shall give you strength? [Answer:] I am willing, and I",1,,,,
911,96,80,rubric mark (¶),If,,"[] The Candidate, having answered these",,,,,
912,96,80,word,/tai^ingr,having,"The Candidate, [having] answered these Questions in the",1,,,,
913,96,80,word,2iropose,propose,affirmative: The Presiding Minister shall [propose] to the People the following,1,,,,
914,96,80,word,foUoxving,following,"propose to the People the [following] Questions, requesting that they answer",1,,,,
915,96,80,word,ansirer,answer,"following Questions, requesting that they [answer] them in the affirmative by",1,,,,
916,96,80,word,rigid,right,"affirmative by holding up their [right] hands: DO you, the People",1,,,,
917,96,80,drop capital,I^O,DO,"holding up their right hands: [DO] you, the People of this",1,,,,
918,96,80,word,liave,have,"receive A. B., whom you [have] called to be your Minister?",,,,,
919,96,80,word,"nioutli,","mouth,","Word of Truth from his [mouth,] with meekness and love; and",1,,,,
920,96,80,word,wiiatever,whatever,which you have promised; and [whatever] else you may see needful,1,,,,
921,96,80,word,lionour,honour,may see needful for the [honour] of religion and his comfort,1,,,,
922,96,80,word,H llie,The,and his comfort among you? [The] People having answered these Questions,1,,,,
923,96,80,word,ansivered,answered,among you? The People having [answered] these Questions in the affirmative:,1,,,,
924,96,80,word,Qjtiestiotis,Questions,The People having answered these [Questions] in the affirmative: The Candidate,1,,,,
925,96,80,rubric mark (¶),If,,"these Questions in the affirmative: [] The Candidate shall then kneel,",,,,,
926,96,80,word,xvith,with,"Minister shall by Prayer, and [with] the Laying on of the",1,,,,
927,96,80,word,liini,him,"the Apostolic example, solemnly Ordain [him] to the holy office of",1,,,,
928,96,80,drop capital,A LMIGHTY,ALMIGHTY,"following Prayers: Let us pray. [ALMIGHTY] God and everlasting Father, who",1,,,,
929,96,80,word,goveru,govern,"and everlasting Father, who dost [govern] all things in heaven and",1,,,,
930,96,80,word,thiugs,things,"Father, who dost govern all [things] in heaven and earth by",1,,,,
931,96,80,word,tins,this,"mercy, we beseech Thee, on [this] Thy servant, upon whom we",1,,,,
932,96,80,word,"sermnt,","servant,","beseech Thee, on this Thy [servant,] upon whom we lay our",1,,,,
933,96,80,word,Thj^,Thy,we lay our hands in [Thy] Name [here the Presiding Minister,1,,,,
934,96,80,word,7iim,him,the Ministry. Pour down upon [him] the grace of Thy Holy,1,,,,
935,96,80,punctuation/spacing,"Son,",Son.,of the Gospel of Thy [Son.] Vouchsafe to,1,,,,
936,97,81,word,Mm,him,"[him] that authority and gentleness, that",1,,,,
937,97,81,word,Mm.,him.,"himself and those that hear [him.] Grant this, O heavenly Father,",1,,,,
938,97,81,rubric mark (¶),H,,"Jesus Christ our Lord. Amen. [] Or this: O LORD, to",,,,,
939,97,81,word,f\,O,"our Lord. Amen. Or this: [O] LORD, to whom all power",1,,,,
940,97,81,punctuation/spacing,thisThy,this Thy,"own flock; and grant unto [this Thy] servant, upon whom we lay",1,,,,
941,97,81,word,[Jiere,[here,our hands in Thy Name [[here] the Presiding Minister and the,1,,,,
942,97,81,word,'wpon,upon,"Ministers shall lay their hands [upon] the head of the Candidate],",,,,,
943,97,81,word,Mm,him,upon him. Comfort and strengthen [him] in all virtue. Govern and,1,,,,
944,97,81,word,Ms,his,all virtue. Govern and guide [his] Ministry to the praise of,1,,,,
945,97,81,rubric mark (¶),H,,"glory, now and ever. Amen. [] Prayer being ended, the newly",,,,,
946,97,81,word,beincf,being,"now and ever. Amen. Prayer [being] ended, the newly ordained Minister",1,,,,
947,97,81,word,netvly,newly,"Amen. Prayer being ended, the [newly] ordained Minister shall rise, and",1,,,,
948,97,81,word,"hiiB,","him,","and the Presiding Minister, addressing [him,] shall say: IN the Name",1,,,,
949,97,81,drop capital,TN,IN,"Minister, addressing him, shall say: [IN] the Name of the Lord",1,,,,
950,98,82,word,11 Tlien,Then,"[Then] the Presiding Minister, and afterward",1,,,,
951,98,82,word,c^nd,and,"Then the Presiding Minister, [and] afterward all the Members of",1,,,,
952,98,82,punctuation/spacing,'purpose:,purpose:,saying in words to this [purpose:] WE give you the right,1,,,,
953,98,82,rubric mark (¶),H,,"of this Ministry with us. [] After which the Minister presiding,",,,,,
954,98,82,word,"land,",[and,a solemn Charge to him [[and] to the People]. Then a,,,,,
955,98,82,word,Peoplel. IT,People].,to him [and to the [People].] Then a Hymn may be,,,,,
956,98,82,word,he,be,People]. Then a Hymn may [be] sung. Then shall the following,1,,,,
957,98,82,rubric mark (¶),If,,a Hymn may be sung. [] Then shall the following or,,,,,
958,98,82,punctuation/spacing,ap>pointed;,appointed;,be offered by the Minister [appointed;] the People reverently bowing down.,1,,,,
959,98,82,word,boiving,bowing,Minister appointed; the People reverently [bowing] down. Let us pray. EVER,1,,,,
960,98,82,drop capital,T^VER,EVER,"bowing down. Let us pray. [EVER] living God, our heavenly Father,",1,,,,
961,98,82,word,Thj,Thy,"Church; Bless, we entreat Thee, [Thy] servant here set apart to",1,,,,
962,98,82,word,ham,have,perform the vows that they [have] made; and continuing faithful unto,1,,,,
963,98,82,rubric mark (¶),H,,"God, world without end. Amen. [] Then the Congregation shall be",,,,,
964,98,82,drop capital,rPHE,THE,"the People still bowing down: [THE] peace of God, which passeth",1,,,,
965,99,83,heading (re-cased/corrected),THE ORDER FOR THE INSTALLATION OF A PASTOR WHO HAS BEEN PREVIOUSLY ORDAINED. U,The Order for the Installation of a Pastor who has been Previously Ordained,[The Order for the Installation of a Pastor who has been Previously Ordained] When any Minister is to,1,,,,
966,99,83,word,tvhich,which,"in a congregation, the installment, [which] consists in constituting a pastoral",1,,,,
967,99,83,word,i:)astoral,pastoral,which consists in constituting a [pastoral] relation between him and the,1,,,,
968,99,83,word,Comrnittee,Committee,"the Presbytery, or by a [Committee] appointed for that purpose, as",1,,,,
969,99,83,punctuation/spacing,expedient. —Form,expedient.—Form,"purpose, as may appear most [expedient.—Form] of Government, Chap. xvi, §",1,,,,
970,99,83,punctuation/spacing,"Chap,",Chap.,"appear most expedient.—Form of Government, [Chap.] xvi, § 4. On the",1,,,,
971,99,83,rubric mark (¶),H,,"Government, Chap. xvi, § 4. [] On the day appointed, the",,,,,
972,99,83,word,"co^istituted,","constituted,","or Committee having been duly [constituted,] a Minister previously designated shall",1,,,,
973,99,83,punctuation/spacing,"deem,",deem,Order as the Presbytery may [deem] proper; and a Sermon shall,1,,,,
974,99,83,word,appoi7ited. H,appointed.,"delivered by the Minister thereto [appointed.] The Sermon being ended, the",1,,,,
975,99,83,word,"ivords,","words,","relation thereto, in the following [words,] or such other as may",1,,,,
976,99,83,drop capital,T^EARLY,DEARLY,be applicable to the circumstances. [DEARLY] beloved: The call of this,1,,,,
977,99,83,punctuation/spacing,"of,","of ——,","duly presented to the Presbytery [of ——,] and by them carefully considered.",1,,,,
978,99,83,rubric mark (¶),H,,the Pastor of this congregation. [] Then the Minister to be,,,,,
979,99,83,word,he,be,congregation. Then the Minister to [be] installed shall stand before the,1,,,,
980,99,83,drop capital,A RE,ARE,to him the following Questions: [ARE] you now willing to take,1,,,,
981,99,83,word,Ansioer.,Answer.,declaration at accepting their call? [Answer.] I am now willing.,1,,,,
982,100,84,word,arc,are,"upon you this charge, you [are] influenced by a sincere desire",1,,,,
983,100,84,word,j'ou,you,"of the grace of God, [you] will endeavour faithfully to discharge",1,,,,
984,100,84,rubric mark (¶),U,,ordination engagements? Answer. I do. [] Having received satisfactory answers to,,,,,
985,100,84,word,2}ro2)ose,propose,"Questions, the Presiding Minister shall [propose] to the People the following",1,,,,
986,100,84,word,Peoxule,People,"Minister shall propose to the [People] the following Questions, requesting that",2,,,,
987,100,84,word,aiiswer,answer,"following Questions, requesting that they [answer] them in the affirmative by",2,,,,
988,100,84,drop capital,TTiO,DO,"holding up their right hands: [DO] you, the People of this",2,,,,
989,100,84,drop capital,B.^,"B.,","your readiness to receive A. [B.,] whom you have called to",2,,,,
990,100,84,rubric mark (¶),IT,,and his comfort among you? [] The People having answered these,,,,,
991,100,84,drop capital,TN,IN,the Presiding Minister shall say: [IN] the Name of the Lord,1,,,,
992,100,84,word,Loi'd,Lord,"IN the Name of the [Lord] Jesus Christ, the great Head",1,,,,
993,100,84,heading (re-cased/corrected),".4. B.,\^","A. B., is","and declare that the Reverend [A. B., is] duly constituted the Pastor of",1,,,,
994,101,85,drop capital,A LMIGHTY,ALMIGHTY,"Let us pray. [ALMIGHTY] God and everlasting Father, who",2,,,,
995,101,85,word,"Fatlier,","Father,","pray. ALMIGHTY God and everlasting [Father,] who dost govern all things",2,,,,
996,101,85,word,Th}^,Thy,to us this day in [Thy] House: and we beseech Thee,1,,,,
997,101,85,word,TJiy,Thy,"to this congregation, and to [Thy] servant who has now been",1,,,,
998,101,85,word,Avith,with,of Truth; so endue him [with] purity of life that he,1,,,,
999,101,85,word,^ rrayer,Prayer,"God, world without end. Amen. [Prayer] being ended, the Presiding Minister,",1,,,,
1000,101,85,word,wp2}ohifedfor,appointed for,"Presiding Minister, or some other [appointed for] the purpose, shall give a",1,,,,
1001,101,85,rubric mark (¶),H,,"Pastor, and to the People. [] A Hymn appropriate to the",,,,,
1002,101,85,word,snng. If,sung.,the occasion may then be [sung.] Then shall the following or,1,,,,
1003,101,85,word,boiving,bowing,"Minister appointed, the People reverently [bowing] down. Let us pray. O",1,,,,
1004,101,85,word,r\,O,"bowing down. Let us pray. [O] LORD, our heavenly Father, we",1,,,,
1005,102,86,word,iinitj^,unity,"[unity] of the faith, and take",1,,,,
1006,102,86,word,"imkindness,","unkindness,","from them all bitterness and [unkindness,] all needless divisions and misunderstandings.",1,,,,
1007,102,86,word,Ainen. H,Amen.,Son Jesus Christ our Lord. [Amen.] Then the congregation shall be,1,,,,
1008,102,86,word,nPHE,THE,"the People still bowing down. [THE] peace of God, which passeth",2,,,,
1009,102,86,word,A77ien. U,Amen.,"and remain with you always. [Amen.] It is becoming, that, after",1,,,,
1010,102,86,word,"thecongrrgnfion,","the congregation,","the Service, the Members of [the congregation,] especially the Elders and other",1,,,,
1011,102,86,word,Elaers,Elders,"of the congregation, especially the [Elders] and other Officers, should come",1,,,,
1012,102,86,word,"shoidd com,e foricard",should come forward,"the Elders and other Officers, [should come forward] and express to their Pastor",1,,,,
1013,102,86,word,exx)ress,express,"Officers, should come forward and [express] to their Pastor their welcome",1,,,,
1014,103,87,word,THE ORDER FOR THE ORDINATION OF RULING ELDERS. H Ealing,The Order for the Ordination of Ruling Elders Ruling,[The Order for the Ordination of Ruling Elders Ruling] Elders are properly the representatives,1,,,,
1015,103,87,word,"jyeopile,","people,","properly the representatives of the [people,] chosen by them for the",1,,,,
1016,103,87,word,tvith,with,"government and discipline, in conjunction [with] pastors or ministers (Form of",1,,,,
1017,103,87,word,(Forin,(Form,"conjunction with pastors or ministers [(Form] of Government, Chap. v). When",1,,,,
1018,103,87,word,Riding,Ruling,"elected to the office of [Ruling] Elder, and shall have declared",1,,,,
1019,103,87,rubric mark (¶),U,,Form of Government (Chap. xiii). [] Divine Service having been celebrated,,,,,
1020,103,87,word,jjresent,present,"ordained shall, after the Sermon, [present] themselves before the pulpit at",1,,,,
1021,103,87,word,tJie,the,"the Sermon, present themselves before [the] pulpit at the call of",1,,,,
1022,103,87,word,nho,who,"the call of the Minister, [who] shall thus address the congregation:",1,,,,
1023,103,87,word,■pvEARLY,DEARLY,shall thus address the congregation: [DEARLY] Beloved: As in the Old,1,,,,
1024,103,87,word,iu,in,the congregation: DEARLY Beloved: As [in] the Old Testament the Elders,1,,,,
1025,103,87,word,iu,in,"and to assist the Pastor [in] the visitation of the people,",1,,,,
1026,103,87,word,\Jiere,[here,comfort. These brethren here present [[here] the Minister,1,,,,
1027,104,88,punctuation/spacing,chosen'],chosen],"the names of the Persons [chosen]] having been chosen, in the",1,,,,
1028,104,88,word,U Theyx,Then,"now proceed to their ordination. [Then] the Minister, addressing the Elders-elect,",1,,,,
1029,104,88,word,"Elders-eZecf,","Elders-elect,","Then the Minister, addressing the [Elders-elect,] shall say, FORASMUCH as you",1,,,,
1030,104,88,drop capital,T^ORASMUCH,FORASMUCH,"addressing the Elders-elect, shall say, [FORASMUCH] as you have declared your",1,,,,
1031,104,88,rubric mark (¶),H,,and purity of the Church? [] The Elders-elect having answered these,,,,,
1032,104,88,word,Elders-e^ecf,Elders-elect,purity of the Church? The [Elders-elect] having answered these Questions in,1,,,,
1033,104,88,word,ansivcred,answered,"the Church? The Elders-elect having [answered] these Questions in the affirmative,",1,,,,
1034,104,88,word,chvrch tJie /ollotvi7ig,church the following,"to the Members of the [church the following] Question: DO you, the Members",1,,,,
1035,104,88,drop capital,T^O,DO,"the church the following Question: [DO] you, the Members of this",1,,,,
1036,104,88,word,Billing,Ruling,"and receive these brethren as [Ruling] Elders, and do you promise",1,,,,
1037,104,88,punctuation/spacing,"them,",them,"do you promise to yield [them] all that honour, encouragement, and",1,,,,
1038,104,88,word,themf If,them?,"constitution of this Church, entitles [them?] The Members of the church",1,,,,
1039,104,88,word,Itolding,holding,"Question in the affirmative, by [holding] up their right hands, the",1,,,,
1040,104,88,word,2h'oceed,proceed,"right hands, the Minister shall [proceed] to set apart the Candidates",1,,,,
1041,104,88,punctuation/spacing,{and,(and,"to their office, by Prayer, [(and] if desired, the Laying on",1,,,,
1042,104,88,word,tlie,the,"by Prayer, (and if desired, [the] Laying on of Hands,) the",1,,,,
1043,104,88,word,tlie 'EAd.exi-elect devoxitly,the Elders-elect devoutly,"the Laying on of Hands,) [the Elders-elect devoutly] kneeling. Let us pray.",1,,,,
1044,105,89,drop capital,QET,SET,"[SET] apart, we beseech Thee, O",1,,,,
1045,105,89,word,Tfiy,Thy,"beseech Thee, O Lord, these [Thy] servants to the work whereunto",1,,,,
1046,105,89,rubric mark (¶),IT,,"that fadeth not away. Amen. [] Then the Minister shall say,",,,,,
1047,105,89,word,say. TN,"say, IN","Amen. Then the Minister shall [say, IN] the Name of the Lord",1,,,,
1048,105,89,punctuation/spacing,you.,"you,","your office. I also charge [you,] Christian people, to be faithful",1,,,,
1049,105,89,rubric mark (¶),H,,ye see them follow Christ. [] Where there is an existing,,,,,
1050,105,89,word,ordaAned,ordained,"should here take the newly [ordained] Elders by the hand, saying",1,,,,
1051,105,89,drop capital,T^T'E,WE,in words to this purpose: [WE] give you the right hand,2,,,,
1052,105,89,rubric mark (¶),II,,of this Office with us. [] If Elders who have been,,,,,
1053,105,89,word,tlie,the,"installed at the same Service, [the] Order for their Installation may",1,,,,
1054,105,89,word,introdxiced. H,introduced.,"their Installation may be here [introduced.] Then the Minister shall say,",1,,,,
1055,105,89,word,"say. ""jV/Tx^Y","say, MAY","introduced. Then the Minister shall [say, MAY] the great Head of the",1,,,,
1056,106,90,heading (re-cased/corrected),THE ORDER FOR THE INSTALLATION OF RULING ELDERS WHO HAVE BEEN PREVIOUSLY ORDAINED II,The Order for the Installation of Ruling Elders who have been Previously Ordained,[The Order for the Installation of Ruling Elders who have been Previously Ordained] When an Elder has terminated,1,,,,
1057,106,90,word,vith,with,Elder has terminated his connection [with] his Session by removal to,1,,,,
1058,106,90,word,"chtirch,","church,","Session by removal to another [church,] or by resignation, or when",1,,,,
1059,106,90,word,"resif/nafio)i,","resignation,","to another church, or by [resignation,] or when he is re-elected",1,,,,
1060,106,90,word,vhen,when,"church, or by resignation, or [when] he is re-elected under the",1,,,,
1061,106,90,word,turd er,under,"or when he is re-elected [under] the rotary system, he is",1,,,,
1062,106,90,punctuation/spacing,office. — Minutes,office.—Minutes,"exercise the duties of his [office.—Minutes] of the General Assembly, 1878,",1,,,,
1063,106,90,rubric mark (¶),H,,"the General Assembly, 1878, 1882. [] When Elders are to be",,,,,
1064,106,90,word,netvly,newly,When Elders are to be [newly] ordained at the same Service,1,,,,
1065,106,90,word,satne,same,be newly ordained at the [same] Service with the installation of,1,,,,
1066,106,90,word,unth,with,ordained at the same Service [with] the installation of those who,1,,,,
1067,106,90,word,previotisly,previously,"of those who have been [previously] ordained, the following Order may",1,,,,
1068,106,90,word,follotvinrf,following,"have been previously ordained, the [following] Order may be introduced in",1,,,,
1069,106,90,word,inay,may,"previously ordained, the following Order [may] be introduced in The Order",1,,,,
1070,106,90,word,ititroduced,introduced,the following Order may be [introduced] in The Order for the,1,,,,
1071,106,90,word,imynediately,immediately,"the Ordination of Ruling Elders, [immediately] before the Benediction. BELOVED Brethren:",1,,,,
1072,106,90,drop capital,"""DELOVED",BELOVED,"Elders, immediately before the Benediction. [BELOVED] Brethren: Having already been solemnly",1,,,,
1073,106,90,word,ofSce,office,"been solemnly ordained to the [office] of Ruling Elder, you do",1,,,,
1074,106,90,rubric mark (¶),IT,,and purity of the Church? [] The Elders-elect having answered these,,,,,
1075,106,90,word,Elders-e?<?cf:,Elders-elect,purity of the Church? The [Elders-elect] having answered these Questions in,2,,,,
1076,106,90,word,folloiving,following,"Members of the church the [following] Question: DO you, the Members",2,,,,
1077,106,90,drop capital,Y\0,DO,"the church the following Question: [DO] you, the Members of this",2,,,,
1078,106,90,word,Riding,Ruling,"and receive these Brethren as [Ruling] Elders, and do you promise",1,,,,
1079,106,90,word,pi'omise,promise,"Ruling Elders, and do you [promise] to yield them all that",2,,,,
1080,106,90,rubric mark (¶),t,,"of the Church, entitles them? [] The Members of the church",,,,,
1081,107,91,rubric mark (¶),H,,"[] Then the Minister shall say,",,,,,
1082,107,91,word,T,I,"Then the Minister shall say, [I] HEREBY declare you to be",1,,,,
1083,107,91,rubric mark (¶),IT,,"Ruling Elder in this congregation. [] Then the Minister shall say,",,,,,
1084,107,91,drop capital,IX/TAY,MAY,"Then the Minister shall say, [MAY] the great Head of the",2,,,,
1085,108,92,word,THE ORDER FOR THE ORDINATION OF DEACONS. H Beacons,The Order for the Ordination of Deacons Deacons,[The Order for the Ordination of Deacons Deacons] are distinct officers in the,1,,,,
1086,108,92,word,tvhose,whose,"distinct officers in the Church, [whose] business it is to take",1,,,,
1087,108,92,word,"2>oor,","poor,","to take care of the [poor,] and to distribute among them",1,,,,
1088,108,92,word,temj)oral,temporal,committed the management of the [temporal] affairs of the church (Form,1,,,,
1089,108,92,word,x>erson shcdl,person shall,"Government, Chap. vi). When any [person shall] have been elected to the",1,,,,
1090,108,92,word,ivillingness,willingness,"and shall have declared his [willingness] to accept thereof, he shall",2,,,,
1091,108,92,punctuation/spacing,"(Chap,",(Chap.,by the Form of Government [(Chap.] xiii). Divine Service having been,2,,,,
1092,108,92,rubric mark (¶),U,,Form of Government (Chap. xiii). [] Divine Service having been celebrated,,,,,
1093,108,92,word,visual,usual,"been celebrated according to the [usual] Order, the Persons to be",2,,,,
1094,108,92,word,puljnt,pulpit,"Sermon, present themselves before the [pulpit] at the call of the",2,,,,
1095,108,92,word,tlie,the,"pulpit at the call of [the] Minister, who shall thus address",2,,,,
1096,108,92,drop capital,T^EARLY,DEARLY,shall thus address the congregation: [DEARLY] Beloved: Concerning the institution of,1,,,,
1097,108,92,punctuation/spacing,{here,(here,Jesus. These brethren here present [(here] the Minister shall mention the,1,,,,
1098,108,92,word,3Iinister,Minister,brethren here present (here the [Minister] shall mention the names of,1,,,,
1099,109,93,rubric mark (¶),U,,now proceed to their ordination. [] Then the Minister addressing the,,,,,
1100,109,93,word,Deacons-eZeci,Deacons-elect,"Then the Minister addressing the [Deacons-elect] shall say, FORASMUCH as you",1,,,,
1101,109,93,drop capital,T^ORASMUCH,FORASMUCH,"addressing the Deacons-elect shall say, [FORASMUCH] as you have declared your",1,,,,
1102,109,93,rubric mark (¶),IT,,and purity of the Church? [] The Deacons-elect having answered these,,,,,
1103,109,93,word,Deacons-e?ec^,Deacons-elect,purity of the Church? The [Deacons-elect] having answered these Questions in,1,,,,
1104,109,93,word,aiiswered,answered,"the Church? The Deacons-elect having [answered] these Questions in the affirmative,",1,,,,
1105,109,93,punctuation/spacing,"affi rmative,","affirmative,","answered these Questions in the [affirmative,] the Minister shall address to",3,,,,
1106,109,93,word,Metnhers,Members,Minister shall address to the [Members] of the church the following,3,,,,
1107,109,93,drop capital,T^O,DO,"the church the following Question: [DO] you, the Members of this",3,,,,
1108,109,93,word,them f IT,them?,"constitution of this Church, entitles [them?] The Members of the church",2,,,,
1109,109,93,word,"affirniative,","affirmative,","answered this Question in the [affirmative,] by holding up their right",2,,,,
1110,109,93,word,tlieir,their,"the affirmative, by holding up [their] right hands, the Minister shall",2,,,,
1111,109,93,word,tlieir,their,"set apart the Candidates to [their] office, by Prayer, (and if",2,,,,
1112,109,93,word,Deacons-eiect rfevoutly,Deacons-elect devoutly,"Laying on of Hands,) the [Deacons-elect devoutly] kneeling. Let us pray.",1,,,,
1113,110,94,word,r\,O,"[O] LORD JESUS, who, being rich,",1,,,,
1114,110,94,word,"JEvSUS,","JESUS,","O LORD [JESUS,] who, being rich, for our",1,,,,
1115,110,94,word,sakcs,sakes,"who, being rich, for our [sakes] became poor, that we through",1,,,,
1116,110,94,word,sevTants,servants,apart and consecrate these Thy [servants] to the office of Deacon.,1,,,,
1117,110,94,rubric mark (¶),IT,,"of Thy heavenly kingdom. Amen. [] Then the Minister shall say,",,,,,
1118,110,94,drop capital,TN,IN,"Then the Minister shall say, [IN] the Name of the Lord",2,,,,
1119,110,94,word,tlie,the,set apart and ordained to [the] office of Deacon. I now,1,,,,
1120,110,94,word,"3^ou,","you,","Me. Verily, I say unto [you,] Inasmuch as ye have done",1,,,,
1121,110,94,rubric mark (¶),IT,,have done it unto Me. [] Where there is an existing,,,,,
1122,110,94,word,j)ro2)er,proper,Board of Deacons it is [proper] that the Members of that,1,,,,
1123,110,94,word,woi'ds,words,"by the hand, saying in [words] to this purpose: WE give",2,,,,
1124,110,94,word,tliis,this,"hand, saying in words to [this] purpose: WE give you the",3,,,,
1125,110,94,drop capital,TyE,WE,in words to this purpose: [WE] give you the right hand,3,,,,
1126,111,95,rubric mark (¶),H,,"[] Then the Minister shall say,",,,,,
1127,111,95,rubric mark (¶),If,,"ages, world without end. Amen. [] Where Deacons who have already",,,,,
1128,111,95,word,toho,who,without end. Amen. Where Deacons [who] have already been ordained are,1,,,,
1129,112,96,heading (re-cased/corrected),THE ORDER FOR LAYING THE CORNER-STONE OF A CHURCH. H,The Order for Laying the Corner-Stone of a Church,"[The Order for Laying the Corner-Stone of a Church] The People, being assembled at",1,,,,
1130,112,96,word,foUou'ing,following,the Minister shall read the [following] Sentences: OUR help is in,1,,,,
1131,112,96,drop capital,/^UR,OUR,shall read the following Sentences: [OUR] help is in the Name,1,,,,
1132,112,96,rubric mark (¶),U,,in vain that build it. [] Then let the following Psalm,,,,,
1133,112,96,word,follouing,following,build it. Then let the [following] Psalm (1 Chronicles xxix. 10-18),1,,,,
1134,112,96,word,res2)onsivelij,responsively,"Chronicles xxix. 10-18) be read [responsively] by the Minister and People,",1,,,,
1135,112,96,word,U'ith,with,"and People, all standing, ending [with] the Gloria Patri: BLESSED be",1,,,,
1136,112,96,drop capital,"""DLESSED",BLESSED,"ending with the Gloria Patri: [BLESSED] be thou, Lord God of",1,,,,
1137,112,96,word,0,O,"thine. Thine is the kingdom, [O] Lord: and thou art exalted",1,,,,
1138,113,97,word,0,O,"[O] Lord, our God, all this",1,,,,
1139,113,97,word,1,I,"and is all thine own. [I] know also, my God, that",1,,,,
1140,113,97,rubric mark (¶),H,,"be: world without end. Amen. [] Then shall the Minister say,",,,,,
1141,113,97,drop capital,"""TilRECT",DIRECT,"Minister say, Let us pray. [DIRECT] us, O Lord, in all",1,,,,
1142,113,97,rubric mark (¶),IT,,Jesus Christ our Lord. Amen. [] Then shall an appropriate Hymn,,,,,
1143,113,97,word,appro2^Hate,appropriate,"Lord. Amen. Then shall an [appropriate] Hymn be sung, all standing;",1,,,,
1144,113,97,word,"simg,","sung,","shall an appropriate Hymn be [sung,] all standing; after which, all,",1,,,,
1145,113,97,word,"standirxg,","standing,","standing; after which, all, still [standing,] shall join with the Minister",1,,,,
1146,113,97,word,tvlth,with,"all, still standing, shall join [with] the Minister in their Confession",1,,,,
1147,113,97,word,T,I,Confession of Faith. The Creed. [I] BELIEVE in God the Father,2,,,,
1148,113,97,punctuation/spacing,hell;],hell; ],and buried; [He descended into [hell; ]] The third day He rose,,,,,
1149,113,97,word,"Or, He continued in the state of the dead, and under the power of death, until the third day.",,The third day He rose [],,,,,
1150,114,98,word,liand,hand,And sitteth on the right [hand] of God the Father Almighty;,4,,,,
1151,114,98,word,H,"Or, He continued in the state of the dead, and under the power of death, until the third day.","and the Life everlasting. Amen. [Or, He continued in the state of the dead, and under the power of death, until the third day.] Here shall follow the Laying",,,,,
1152,114,98,word,folloiv,follow,the third day. Here shall [follow] the Laying of the Stone.,1,,,,
1153,114,98,punctuation/spacing,"deposited,",deposited,to be preserved have been [deposited] in the cavity prepared for,1,,,,
1154,114,98,word,jyt'cpared,prepared,"been deposited in the cavity [prepared] for them, the Minister, or",1,,,,
1155,114,98,word,"purjjose,","purpose,","other Person appointed for the [purpose,] assisted by the builder, shall",1,,,,
1156,114,98,word,xdacing,placing,"its place. Then the Minister, [placing] his hand on it, shall",1,,,,
1157,114,98,drop capital,TN,IN,"hand on it, shall say: [IN] the Name of the Father,",1,,,,
1158,114,98,punctuation/spacing,,——,"here under the name of [——] Church, and devoted to the",1,,,,
1159,114,98,punctuation/spacing,shallnot,shall not,he that believeth on Him [shall not] be confounded. Other foundation can,1,,,,
1160,114,98,rubric mark (¶),t,,"laid: which is Jesus Christ. [] Then shall he say, Let",,,,,
1161,114,98,drop capital,T ORD,LORD,"he say, Let us pray. [LORD] God, who art the Beginning",1,,,,
1162,114,98,word,"end, Atnen.",end. Amen.,"ever one God, world without [end. Amen.]",1,,,,
1163,115,99,drop capital,"/""^UR",OUR,"[OUR] Father which art in heaven,",7,,,,
1164,115,99,word,tlie,the,"kingdom, and the power, and [the] glory, forever. Amen. Here may",1,,,,
1165,115,99,rubric mark (¶),1[,,"and the glory, forever. Amen. [] Here may be given an",,,,,
1166,115,99,word,"ivhich,","which,","be given an Address. After [which,] if so approved, an Offering",1,,,,
1167,115,99,word,i?i,in,"if so approved, an Offering [in] aid of the building fund",1,,,,
1168,115,99,word,II The7i,Then,building fund may be made. [Then] shall be sung a suitable,1,,,,
1169,115,99,drop capital,T^HE,THE,Minister shall pronounce The Benediction. [THE] grace of the Lord Jesus,3,,,,
1170,116,100,word,THE ORDER FOR THE DEDICATION OF A CHURCH. U Tlie,The Order for the Dedication of a Church The,[The Order for the Dedication of a Church The] congregation being duly assembled shall,1,,,,
1171,116,100,rubric mark (¶),U,,"the Minister and the People. [] Or, if so desired, the",,,,,
1172,116,100,word,j^drtin,part in,"so desired, the Ministers taking [part in] the Service shall enter at",1,,,,
1173,116,100,word,ivhere,where,"shall enter at the door, [where] they shall be received by",1,,,,
1174,116,100,word,tvith,with,"Trustees and Elders, and proceed [with] them up the aisle, reciting",1,,,,
1175,116,100,word,nnHE,THE,"Psalm, the presiding Minister leading: [THE] earth is the Lord's, and",1,,,,
1176,116,100,word,Gloiy,Glory,"is the King of glory. [Glory] be to the Father, and",1,,,,
1177,117,101,rubric mark (¶),1,,[] Then shall be sung the,,,,,
1178,117,101,drop capital,A LI^,ALL,or some other suitable Hymn: [ALL] people that on earth do,1,,,,
1179,117,101,punctuation/spacing,folk.,"folk,","us make; We are His [folk,] He doth us feed, And",1,,,,
1180,117,101,punctuation/spacing,feed.,"feed,","His folk, He doth us [feed,] And for His sheep He",1,,,,
1181,117,101,punctuation/spacing,stood.,"stood,","truth at all times firmly [stood,] And shall from age to",1,,,,
1182,117,101,rubric mark (¶),t,,age to age endure. Amen. [] Then shall the Minister and,,,,,
1183,117,101,word,T,I,"their Confession of Faith, saying: [I] BELIEVE in God the Father",1,,,,
1184,117,101,punctuation/spacing,heaven.,"heaven,","the dead; He ascended into [heaven,] And sitteth on the right",5,,,,
1185,117,101,word,tlie,the,to judge the quick and [the] dead. I believe in the,5,,,,
1186,117,101,word,poiver,power,"the dead, and under the [power] of death, until the third",5,,,,
1187,118,102,rubric mark (¶),H,,"[] The People being seated, the",,,,,
1188,118,102,drop capital,"""PiEARLY",DEARLY,"the presiding Minister shall say, [DEARLY] beloved in the Lord: God",1,,,,
1189,118,102,rubric mark (¶),U,,"His blessing on this Service. [] Then shall the Minister say,",,,,,
1190,118,102,rubric mark (¶),U,,"Minister say, Let us pray. [] If so desired, the Prayer",,,,,
1191,118,102,word,Pravkr niay,Prayer may,"pray. If so desired, the [Prayer may] be in the form following.",1,,,,
1192,118,102,word,f\,O,"be in the form following. [O] LORD God, almighty and most",1,,,,
1193,118,102,rubric mark (¶),U,,Jesus Christ our Lord. Amen. [] Here let the Minister and,,,,,
1194,118,102,word,Prayer; /^UR,Prayer: OUR,"People say together the Lord's [Prayer: OUR] Father which art in heaven,",1,,,,
1195,118,102,punctuation/spacing,debts.,"debts,","bread. And forgive us our [debts,] As we forgive our debtors.",8,,,,
1196,118,102,punctuation/spacing,temptation.,"temptation,","And lead us not into [temptation,] But deliver us from evil:",8,,,,
1197,118,102,rubric mark (¶),^,,"and the glory, forever. Amen. [] The Scripture shall then be",,,,,
1198,118,102,word,rend.,read.,The Scripture shall then be [read.] Proper lessons are: from the,1,,,,
1199,118,102,word,atid,and,"Testament, 1 Kings viii. 22-53, [and] from the New Testament, 1",1,,,,
1200,119,103,rubric mark (¶),H,,[] Then shall the Minister speak,,,,,
1201,119,103,drop capital,"XTOLY,","HOLY,","the words printed in Capitals. [HOLY,] Blessed, and Glorious Trinity: three",1,,,,
1202,119,103,heading (re-cased),To Thee we dedicate this house.,TO THEE WE DEDICATE THIS HOUSE.,three Persons and one God: [TO THEE WE DEDICATE THIS HOUSE.] Father of our Lord Jesus,1,,,,
1203,119,103,heading (re-cased),To Thee we dedicate this house.,TO THEE WE DEDICATE THIS HOUSE.,"Father which art in heaven: [TO THEE WE DEDICATE THIS HOUSE.] Son of God, the Only",1,,,,
1204,119,103,drop capital,To Thee we dp:dicate this house.,TO THEE WE DEDICATE THIS HOUSE.,"and King of Thy people: [TO THEE WE DEDICATE THIS HOUSE.] God the Holy Ghost, proceeding",1,,,,
1205,119,103,drop capital,To Thee we dedicate this house. H,TO THEE WE DEDICATE THIS HOUSE.,"Lord and Giver of Life: [TO THEE WE DEDICATE THIS HOUSE.] Then shall the Minister say,",1,,,,
1206,119,103,drop capital,"A RISE,","ARISE,","Then shall the Minister say, [ARISE,] O Lord, into Thy rest,",1,,,,
1207,119,103,punctuation/spacing,-^,,and the ark of Thy [] strength. Let Thy priests be,,,,,
1208,119,103,rubric mark (¶),H,,"when thou hearest, forgive. Amen. [] Then shall the appointed Minister",,,,,
1209,119,103,rubric mark (¶),H,,"Minister say, Let us pray. [] And the Congregation, reverently bowing",,,,,
1210,119,103,word,Q,O,"hearts The Prayer of Consecration. [O] ALMIGHTY and everlasting God, Thou",1,,,,
1211,120,104,word,praj^ers,prayers,shall be preached; where the [prayers] of the Church shall be,1,,,,
1212,120,104,drop capital,A LMIGHTY,ALMIGHTY,"dwell in His Church. Amen. [ALMIGHTY] and everlasting God, who hast",1,,,,
1213,120,104,punctuation/spacing,belie veth,believeth,"only begotten Son, that whosoever [believeth] in Him should not perish",1,,,,
1214,121,105,word,H //,If,[If] it be the will of,1,,,,
1215,121,105,word,ivill,will,If it be the [will] of the congregation to make,1,,,,
1216,121,105,rubric mark (¶),H,,"here, and consecrated with Prayer. [] Then a Hymn shall be",,,,,
1217,121,105,rubric mark (¶),H,,a Hymn shall be sung. [] Then shall follow The Sermon.,,,,,
1218,121,105,rubric mark (¶),If,,Then shall follow The Sermon. [] A Hymn may be sung,,,,,
1219,121,105,word,he siaig,be sung,The Sermon. A Hymn may [be sung] after the Sermon. Then the,1,,,,
1220,121,105,rubric mark (¶),U,,"be sung after the Sermon. [] Then the Minister shall say,",,,,,
1221,121,105,rubric mark (¶),^,,"shall say, Let us pray. [] If so desired, the Prayer",,,,,
1222,121,105,punctuation/spacing,"form,",form,may be offered in the [form] following: MOST glorious God; Accept,1,,,,
1223,121,105,drop capital,"""jl/TOST",MOST,offered in the form following: [MOST] glorious God; Accept through Thy,1,,,,
1224,121,105,punctuation/spacing,-'--'-,,"Accept through Thy beloved Son, [] our thanksgivings for Thine unspeakable",,,,,
1225,121,105,rubric mark (¶),If,,"for ever and ever. Amen. [] Or this: O GOD, whose",,,,,
1226,121,105,word,r\,O,"and ever. Amen. Or this: [O] GOD, whose glory is great",1,,,,
1227,122,106,word,"olfenses,","offenses,","delivered Him up for our [offenses,] didst raise Him again for",1,,,,
1228,122,106,word,Amen U,Amen.,"One God, blessed for evermore. [Amen.] The People remaining in the",1,,,,
1229,122,106,word,j^osture,posture,"The People remaining in the [posture] of prayer, the Minister shall",3,,,,
1230,122,106,word,"'proAjer,","prayer,","remaining in the posture of [prayer,] the Minister shall pronounce The",3,,,,
1231,122,106,word,"Benediction, nnHE",Benediction. THE,the Minister shall pronounce The [Benediction. THE] grace of the Lord Jesus,,,,,
1232,122,106,rubric mark (¶),^,,be with you all. Amen. [],,,,,
1233,123,107,page rewritten,(see scan),(see Markdown),,,,Treasury of Prayers contents rebuilt as a list (page numbers dropped).,,
1234,124,108,page rewritten,(see scan),(see Markdown),,,,Treasury of Prayers contents rebuilt as a list (page numbers dropped).,,
1235,125,109,word,"GENERAL PRAYERS FOR COMMON WORSHIP. Adorations. ""PTERNAL",I. General Prayers for Common Worship Adorations I. ETERNAL,"[I. General Prayers for Common Worship Adorations I. ETERNAL] and ever-blessed God, we bow",1,,,,
1236,125,109,drop capital,IT. T ORD,II. LORD,for ever and ever. Amen. [II. LORD] God eternal; sovereign and immutable;,1,,,,
1237,125,109,punctuation/spacing,savin glove,saving love,"Thy secret counsels; for Thy [saving love] revealed in Jesus Christ, and",1,,,,
1238,125,109,drop capital,"TTOLY,","HOLY,","ever and ever. Amen. III. [HOLY,] Holy, Holy! Lord God almighty;",1,,,,
1239,125,109,word,almight}^;,almighty;,"HOLY, Holy, Holy! Lord God [almighty;] There is none like unto",1,,,,
1240,125,109,punctuation/spacing,-'--'-,,"God almighty; There is none [] like unto Thee, who hast",,,,,
1241,125,109,word,0,O,"be acceptable in Thy sight, [O] Lord our Strength and our",1,,,,
1242,125,109,word,f\,O,"and our Redeemer. Amen. IV. [O] GOD, whose being and perfections",1,,,,
1243,126,110,drop capital,f\,V. O,"[V. O] LORD, Thou art our God:",1,,,,
1244,126,110,word,Thanksgivings. A LMIGHTY,Thanksgivings I. ALMIGHTY,"adoration; through Jesus Christ. Amen. [Thanksgivings I. ALMIGHTY] God, Father of all mercies,",1,,,,
1245,126,110,punctuation/spacing,we.,"we,","God, Father of all mercies, [we,] Thine unworthy servants, do give",1,,,,
1246,126,110,word,r\,O,"world without end. Amen. II. [O] GOD, by whose hand all",1,,,,
1247,127,111,word,in. A LMIGHTY,III. ALMIGHTY,"[III. ALMIGHTY] and most merciful Father, from",1,,,,
1248,127,111,punctuation/spacing,com-^^ eth,cometh,"most merciful Father, from whom [cometh] every good and perfect gift;",1,,,,
1249,127,111,punctuation/spacing,.'Special,special,hath redeemed us. [Here any [special] mercy may be named.] Grant,,,,,
1250,127,111,punctuation/spacing,named. ],named.],any special mercy may be [named.]] Grant unto us with Thy,,,,,
1251,127,111,drop capital,1\ 0ST,MOST,"Christ our Lord. Amen. IV. [MOST] heartily do we thank Thee,",1,,,,
1252,127,111,word,Atnen.,Amen.,"in Jesus Christ our Saviour. [Amen.] V. MOST gracious God, the",1,,,,
1253,127,111,drop capital,IX/fOST,MOST,"Christ our Saviour. Amen. V. [MOST] gracious God, the Fountain of",1,,,,
1254,128,112,word,"Name, Ainen. Supplications. r\",Name. Amen. Supplications I. O,"Thy exalted and ever blessed [Name. Amen. Supplications I. O] GOD, most holy, wise, and",1,,,,
1255,128,112,drop capital,TI. T>ROVIDE,II. PROVIDE,"Christ Jesus our Lord. Amen. [II. PROVIDE] for us, O most merciful",1,,,,
1256,128,112,word,0,O,"Amen. II. PROVIDE for us, [O] most merciful Father, both now",1,,,,
1257,128,112,word,f\,O,"Lord Jesus Christ. Amen. III. [O] LORD, our heavenly Father, who",1,,,,
1258,128,112,rubric mark (¶),^,,who art ever ready to [] give good things to them,,,,,
1259,129,113,word,aud,and,"[and] supply all our needs, in",1,,,,
1260,129,113,word,v^itli,with,our infirmities; and uphold us [with] Thy free Spirit. Enable us,1,,,,
1261,129,113,word,f\,O,Christ our Lord. Amen. IV. [O] THOU most wise and ever-gracious,1,,,,
1262,129,113,drop capital,r\,V. O,"Jesus Christ our Lord. Amen. [V. O] LORD, our heavenly Father, almighty",1,,,,
1263,129,113,word,neitlier,neither,"we fall into no sin, [neither] run into any kind of",1,,,,
1264,129,113,punctuation/spacing,Intercessions.,Intercessions,"Jesus Christ our Lord. Amen. [Intercessions] I. ALMIGHTY God, who hast",1,,,,
1265,129,113,drop capital,A LMIGHTY,ALMIGHTY,"our Lord. Amen. Intercessions I. [ALMIGHTY] God, who hast taught us",1,,,,
1266,129,113,punctuation/spacing,interces■^^ sion,intercession,hast taught us to make [intercession] for all men; We pray,1,,,,
1267,129,113,word,aud Saviour •,and Saviour:,"worship Thee, our only God [and Saviour:] that all Thy ministers and",1,,,,
1268,129,113,word,faithfill,faithful,life and doctrine be found [faithful],1,,,,
1269,130,114,word,"Chrisc,","Christ,","in the Name of Jesus [Christ,] Thy Son, our Lord. Amen.",1,,,,
1270,130,114,word,f\,O,"Son, our Lord. Amen. II. [O] GOD, the Creator and Preserver",1,,,,
1271,130,114,rubric mark (¶),^,,"Preserver of all mankind, we [] humbly beseech Thee for all",,,,,
1272,130,114,word,A^nen.,Amen.,beg for Jesus Christ's sake. [Amen.],2,,,,
1273,131,115,word,HI. r\,III. O,"[III. O] GOD, who art the Hope",1,,,,
1274,131,115,drop capital,"IV, Q",IV. O,"Jesus Christ our Lord. Amen. [IV. O] GOD, who art mindful of",1,,,,
1275,131,115,punctuation/spacing,"good- will,","good-will,","and remember, in Thy great [good-will,] those for whom we now",1,,,,
1276,131,115,punctuation/spacing,"""^",,in the unity of brotherhood. [] Remember all the persecuted and,,,,,
1277,132,116,word,v^-aters,waters,"lead us all by the [waters] of comfort, and in the",1,,,,
1278,132,116,drop capital,A LMIGHTY,V. ALMIGHTY,"Jesus Christ our Lord. Amen. [V. ALMIGHTY] God, who lovest all that",1,,,,
1279,133,117,word,op,of,A General Confession [of] Sins. ALMIGHTY and most merciful,1,,,,
1280,133,117,drop capital,A LMIGHTY,ALMIGHTY,A General Confession of Sins. [ALMIGHTY] and most merciful Father; We,1,,,,
1281,133,117,heading (re-cased/corrected),PRAYERS FOR CERTAIN TIMES AND SEASONS.,II. Prayers for Certain Times and Seasons,of Thy holy Name. Amen. [II. Prayers for Certain Times and Seasons] New Year's Day. ALMIGHTY and,1,,,,
1282,133,117,drop capital,A LMIGHTY,ALMIGHTY,"and Seasons New Year's Day. [ALMIGHTY] and most merciful Father, who",1,,,,
1283,133,117,word,continned,continued,"most merciful Father, who hast [continued] our life from year to",1,,,,
1284,133,117,word,f\,O,Jesus Christ our Lord. Amen. [O] THOU who art from everlasting,1,,,,
1285,133,117,word,thi-ough,through,"its trials, and to advance [through] all it holds in store",1,,,,
1286,134,118,punctuation/spacing,OMOST,O MOST,"our Saviour, Jesus Christ. Amen. [O MOST] merciful Father, who of Thy",1,,,,
1287,135,119,punctuation/spacing,"Saviour,",Saviour.,"but now risen and exalted [Saviour.] Amen. LORD Jesus Christ, Thou",1,,,,
1288,135,119,drop capital,T ORD,LORD,"risen and exalted Saviour. Amen. [LORD] Jesus Christ, Thou holy and",1,,,,
1289,135,119,drop capital,A LMIGHTY,ALMIGHTY,"and ever. Amen. Easter Day. [ALMIGHTY] God, who hast brought again",1,,,,
1290,135,119,drop capital,A LMIGHTY,ALMIGHTY,"God, world without end. Amen. [ALMIGHTY] God, who through Thine only-begotten",1,,,,
1291,135,119,word,f\,O,"God, world without end. Amen. [O] THOU Son of God and",1,,,,
1292,136,120,punctuation/spacing,OTHOU,O THOU,hand of the Father. Amen. [O THOU] God and Father of our,1,,,,
1293,136,120,punctuation/spacing,grave.,"grave,","He had descended into the [grave,] Thou didst not suffer Thy",1,,,,
1294,136,120,punctuation/spacing,"Amen,",Amen.,"and that fadeth not away. [Amen.] Thanksgiving Day. ALMIGHTY God, our",1,,,,
1295,136,120,drop capital,A LMIGHTY,ALMIGHTY,"not away. Amen. Thanksgiving Day. [ALMIGHTY] God, our heavenly Father, whose",1,,,,
1296,136,120,punctuation/spacing,"""We",We,of whose goodness is infinite; [We] render Thee thanks for all,1,,,,
1297,136,120,word,f'\ x\LMIGHTY,O ALMIGHTY,"Jesus Christ our Lord. Amen. [O ALMIGHTY] and everlasting God, who hast",1,,,,
1298,136,120,word,fiuits,fruits,and given unto us the [fruits] of the earth in their,1,,,,
1299,136,120,word,tlie,the,"Grant us grace to use [the] same to Thy glory, to",1,,,,
1300,137,121,word,11/IOST,MOST,[MOST] high and mighty Ruler of,1,,,,
1301,137,121,word,M^hom,whom,"Ruler of the universe, by [whom] our Nation hath been established",1,,,,
1302,137,121,drop capital,A LMIGHTY,ALMIGHTY,"generation to generation. Amen. Advent. [ALMIGHTY] God, give us grace that",1,,,,
1303,137,121,word,"da}^,","day,","humility; that in the last [day,] when He shall come again",1,,,,
1304,137,121,word,r\,O,"Ghost, now and ever. Amen. [O] LORD Jesus Christ, who at",1,,,,
1305,137,121,word,Jesiis,Jesus,"and ever. Amen. O LORD [Jesus] Christ, who at Thy first",1,,,,
1306,137,121,word,f\,O,"God, world without end. Amen. [O] GOD, who dost gladden us",1,,,,
1307,138,122,drop capital,"""PATHER",FATHER,"without end. Amen. Christmas Day. [FATHER] in heaven, whose mercy we",1,,,,
1308,138,122,word,\mto,unto,"peace and joy. Make known [unto] all men, by Thy Word",1,,,,
1309,138,122,word,r\,O,"gift of the Saviour. Amen. [O] ALMIGHTY God, who by the",1,,,,
1310,138,122,word,chirdren,children,"being regenerate, and made Thy [children] by adoption and grace, may",1,,,,
1311,139,123,word,r\,O,"A Day of Humiliation. [O] ALMIGHTY God, who desirest not",1,,,,
1312,139,123,word,f\,O,"through Christ our Lord. Amen. [O] MOST mighty God, King of",1,,,,
1313,139,123,drop capital,A LMIGHTY,ALMIGHTY,"Jesus Christ our Lord. Amen. [ALMIGHTY] God, who forgivest the iniquities",1,,,,
1314,139,123,punctuation/spacing,us.,"us,","our burdens; Look down upon [us,] Thine unworthy servants, who humble",1,,,,
1315,139,123,word,[7ie?'e lei,[here let,"Thy loving-kindness to remove this [[here let] the national affliction be named],",,,,,
1316,139,123,punctuation/spacing,"named'],","named],","let the national affliction be [named],] the judgment of Thy hand,",,,,,
1317,139,123,word,op,of,"our Lord. Amen. A Session [of] the General Assembly. ALMIGHTY God,",1,,,,
1318,139,123,drop capital,A LMIGHTY,ALMIGHTY,"Session of the General Assembly. [ALMIGHTY] God, who by Thy Holy",1,,,,
1319,140,124,word,tJieir,their,glory; and so order all [their] doings through Thy good Spirit,1,,,,
1320,140,124,word,everiasting,everlasting,"our Lord. Amen. ALMIGHTY and [everlasting] God, who by Thy Holy",1,,,,
1321,140,124,word,op,of,"without end. Amen. A Meeting [of] Synod or Presbytery. ALMIGHTY God,",1,,,,
1322,140,124,drop capital,A LMIGHTY,ALMIGHTY,"Meeting of Synod or Presbytery. [ALMIGHTY] God, who through the Apostles",1,,,,
1323,141,125,punctuation/spacing,],——],"[the Synod, or Presbytery, of [——]] assembled in Thy Name. Grant",,,,,
1324,141,125,word,"loe ma}'""",we may,"of a sound mind, that [we may] be wise in council and",1,,,,
1325,141,125,drop capital,"""j\/rOST",MOST,"Amen. A Session of Congress. [MOST] gracious God, we humbly beseech",1,,,,
1326,141,125,word,C\,O,A Session of the Legislature. [O] THOU who rulest in equity,1,,,,
1327,141,125,punctuation/spacing,"the""^",the,and that the servants of [the] people may be directed in,1,,,,
1328,141,125,word,"Cominonwealth,","Commonwealth,","honour and welfare of this [Commonwealth,] to the peace and prosperity",1,,,,
1329,141,125,punctuation/spacing,"Name,",Name.,to the glory of Thy [Name.] Amen.,1,,,,
1330,142,126,word,r\,O,"Daily Prayer for the Army. [O] LORD God, high and mighty,",1,,,,
1331,142,126,word,Q,O,"Daily Prayer for the Navy. [O] ETERNAL Lord God, who alone",1,,,,
1332,142,126,word,com passed tlie,compassed the,"of the sea, and hast [compassed the] waters with bounds until day",1,,,,
1333,142,126,word,[«9r,[or,"Thy servants, and the Fleet [[or] Ship] in which we serve.",,,,,
1334,142,126,word,"countiy,","country,","be a safeguard unto our [country,] and a security for such",1,,,,
1335,142,126,word,might}^,mighty,as do business in the [mighty] waters: that the inhabitants of,1,,,,
1336,142,126,word,finall3^,finally,"remembrance of Thy mercies; and, [finally] having passed the sea of",1,,,,
1337,142,126,word,op,of,"our Lord. Amen. In Time [of] Dearth and Famine. O GOD,",1,,,,
1338,142,126,word,f\,O,"Time of Dearth and Famine. [O] GOD, heavenly Father, whose gift",1,,,,
1339,142,126,word,che,the,afflictions of Thy people; increase [the] fruits of the earth by,1,,,,
1340,143,127,drop capital,XTOLY,HOLY,"Amen. In Time of Pestilence. [HOLY] and mighty Lord, who didst",1,,,,
1341,143,127,word,he,be,"dying, [here, if any place [be] specially afflicted, let it be",,,,,
1342,143,127,word,"he named,']","be named,]","be specially afflicted, let it [be named,]] under the visitation of disease.",,,,,
1343,143,127,drop capital,A LMIGHTY,ALMIGHTY,"Amen. After a Great Disaster. [ALMIGHTY] God, who art a very",1,,,,
1344,143,127,word,r\,O,"Time of Insurrections and Tumults. [O] ALMIGHTY Lord God, who alone",1,,,,
1345,144,128,word,troubliug;,troubling;,from [troubling;] allay all envious and malicious,1,,,,
1346,144,128,word,op,of,"and evermore. Amen. In Time [of] War. O ALMIGHTY God, supreme",1,,,,
1347,144,128,word,r\,O,"Amen. In Time of War. [O] ALMIGHTY God, supreme Ruler and",1,,,,
1348,144,128,word,r\,O,"Jesus Christ our Lord. Amen. [O] LORD God of infinite mercy,",1,,,,
1349,144,128,word,r\,O,"In Time of Peace Restored. [O] ETERNAL God, our heavenly Father,",1,,,,
1350,145,129,word,towai'd,toward,thanksgiving for these Thy mercies [toward] us; through Jesus Christ our,1,,,,
1351,145,129,drop capital,A LMIGHTY,ALMIGHTY,"Jesus Christ our Lord. Amen. [ALMIGHTY] and everlasting God, who makest",1,,,,
1352,145,129,punctuation/spacing,mag nify,magnify,"the earth; We praise and [magnify] that great mercy, whereby Thou",1,,,,
1353,145,129,heading (re-cased/corrected),INTERCESSIONS FOR SPECIAL OBJECTS AND PERSONS.,III. Intercessions for Special Objects and Persons,"Jesus Christ our Lord. Amen. [III. Intercessions for Special Objects and Persons] For Our Country. ALMIGHTY God,",1,,,,
1354,145,129,drop capital,A LMIGHTY,ALMIGHTY,"and Persons For Our Country. [ALMIGHTY] God, King of kings, and",1,,,,
1355,145,129,word,r\,O,"grace; through Jesus Christ. Amen. [O] MOST powerful Lord God, blessed",1,,,,
1356,146,130,word,A7nen:,Amen.,through Jesus Christ our Lord. [Amen.] For Deliverance from National Sins.,1,,,,
1357,146,130,drop capital,T ORD,LORD,"For Deliverance from National Sins. [LORD] God Almighty, defend our land,",1,,,,
1358,146,130,word,wntli,with,land which Thou hast blessed [with] the light of pure religion;,1,,,,
1359,146,130,drop capital,A LMIGHTY,ALMIGHTY,"For the Church and Missions. [ALMIGHTY] and everlasting God, who hast",1,,,,
1360,146,130,punctuation/spacing,w^orks,works,among all nations; Preserve the [works] of Thy mercy; that Thy,1,,,,
1361,146,130,word,r\,O,"Jesus Christ our Lord. Amen. [O] ALMIGHTY God, who hast built",1,,,,
1362,147,131,word,f\,O,"God, world without end. Amen. [O] THOU who hast founded a",1,,,,
1363,147,131,word,r\,O,"Jesus Christ is Lord. Amen. [O] GOD, the Father of our",1,,,,
1364,148,132,word,f\,O,"[O] LORD, who didst come to",1,,,,
1365,148,132,word,coDie,come,"O LORD, who didst [come] to seek and to save",1,,,,
1366,148,132,word,d'\,O,"glory, world without end. Amen. [O] GOD, who hast made of",1,,,,
1367,148,132,drop capital,"""INTERNAL",ETERNAL,"Jesus Christ our Lord. Amen. [ETERNAL] Father, who art loving unto",1,,,,
1368,149,133,drop capital,"TNCREASE,","INCREASE,","Father. Amen. For Evangelistic Work. [INCREASE,] O God, the faith and",1,,,,
1369,149,133,word,Ame7i.,Amen.,"Son, our Saviour Jesus Christ. [Amen.] For All who do Good",1,,,,
1370,149,133,word,{\,O,"do Good to their Fellow-Men. [O] GOD, who hast given unto",1,,,,
1371,149,133,word,f\,O,"God's Kingdom and Universal Peace. [O] THOU King eternal, immortal, invisible,",1,,,,
1372,149,133,punctuation/spacing,invisible.,"invisible,","O THOU King eternal, immortal, [invisible,] Thou only wise God our",1,,,,
1373,149,133,word,draw^ tlie,draw the,"Thy kingdom upon earth, and [draw the] whole world of mankind into",1,,,,
1374,150,134,drop capital,"""PTERNAL",ETERNAL,"Lord. Amen. For the Young. [ETERNAL] Father, who out of the",1,,,,
1375,150,134,word,iunocency,innocency,"in purity of heart and [innocency] of life, until they come",1,,,,
1376,150,134,word,r\,O,"of Christ. Amen. For Sunday-Schools. [O] GOD, our Father, in whose",1,,,,
1377,150,134,word,"vinej^ard,","vineyard,","into this part of Thy [vineyard,] that the young and tender",1,,,,
1378,150,134,word,maj^,may,in the world; that it [may] please Thee to have pity,1,,,,
1379,151,135,drop capital,T^HOU,THOU,"Amen. For Schools and Colleges. [THOU] only wise God, our Saviour,",1,,,,
1380,151,135,word,aud,and,heavenly understanding; Illuminate all schools [and] colleges and universities with the,1,,,,
1381,151,135,heading (re-cased),Cometh,cometh,universities with the light that [cometh] from above; that those who,1,,,,
1382,151,135,word,r\,O,"Christ, Thy Living Word. Amen. [O] FATHER of Lights and Fountain",1,,,,
1383,151,135,word,"learaing,","learning,","all teachers and institutions of [learning,] and grant that from them",1,,,,
1384,151,135,drop capital,A LMIGHTY,ALMIGHTY,"Jesus Christ our Lord. Amen. [ALMIGHTY] and everlasting God, whose Son",1,,,,
1385,151,135,word,aud,and,"sense of their high stewardship, [and] enlarge the hearts of the",1,,,,
1386,152,136,word,tlieir,their,"strengthen wise agencies, to prosper [their] endeavours. Pour out Thy Spirit",1,,,,
1387,152,136,word,Prater,Prayer,Christ our Lord. Amen. A [Prayer] for a Service in a,1,,,,
1388,152,136,punctuation/spacing,OLORD,O LORD,"in a School or College. [O LORD] our Heavenly Father, by whose",1,,,,
1389,152,136,punctuation/spacing,w^hether,whether,"all who serve Thee here, [whether] as teachers or learners, and",1,,,,
1390,152,136,punctuation/spacing,w^ork,work,and help us in the [work] which Thou hast given us,1,,,,
1391,152,136,punctuation/spacing,w^e,we,"heart, remembering that without Thee [we] can do nothing, and that",1,,,,
1392,152,136,punctuation/spacing,w^ork,work,"Thy sight, that so our [work] here may count for good",1,,,,
1393,152,136,punctuation/spacing,"OGOD,","O GOD,","All who are in Trouble. [O GOD,] remember in Thy mercy the",1,,,,
1394,152,136,drop capital,A LMIGHTY,ALMIGHTY,"the sons of God. Amen. [ALMIGHTY] and everlasting God, the Comfort",1,,,,
1395,153,137,drop capital,rjOD,GOD,"[GOD] of all comfort, we commend",1,,,,
1396,153,137,word,A men. T>E,Amen. BE,"their troubles, for Christ's sake. [Amen. BE] merciful, O God, unto all",1,,,,
1397,153,137,drop capital,T^E,WE,"lost, for Jesus' sake. Amen. [WE] remember before Thee, O Lord,",1,,,,
1398,153,137,word,"evtl,","evil,","depart in peace, fearing no [evil,] and live before Thee in",1,,,,
1399,153,137,word,f\,O,"Amen. For Kindred and Friends. [O] LORD, our heavenly Father, bless",1,,,,
1400,154,138,word,r\,O,through Christ our Lord. Amen. [O] THOU who art the God,1,,,,
1401,154,138,word,/^,O,"mystical body of Christ. Amen. [O] GOD, who by the grace",1,,,,
1402,154,138,drop capital,A LMIGHTY,ALMIGHTY,"Jesus Christ our Lord. Amen. [ALMIGHTY] God, we commend to Thee",1,,,,
1403,154,138,word,pra}'for,pray for,with peace and holiness. We [pray for] all who are dear to,1,,,,
1404,154,138,word,maj^,may,"dear to us, that they [may] be delivered from all the",1,,,,
1405,154,138,word,r\,O,"Amen. For a Sick Person. [O] LORD our God, who art",1,,,,
1406,154,138,word,Ms,his,"for whom we pray that [his] life may be spared, and",1,,,,
1407,155,139,punctuation/spacing,"Saviour,",Saviour.,unto a faithful and merciful [Saviour.] Amen. MOST wise and loving,1,,,,
1408,155,139,word,lyrOST,MOST,"faithful and merciful Saviour. Amen. [MOST] wise and loving Father, look",1,,,,
1409,155,139,word,Jiim,him,this Thy servant. Look upon [him] with the eyes of Thy,1,,,,
1410,155,139,word,Ceqld. r\,Child. O,"Lord. Amen. For a Sick [Child. O] ALMIGHTY God, our Father in",,,,,
1411,155,139,punctuation/spacing,"[N,,]","[N.,]","pity upon the young child, [[N.,]] now lying upon the bed",1,,,,
1412,155,139,word,h£,he,"this child, we know that [he] is in Thy keeping, and",1,,,,
1413,155,139,drop capital,INTERNAL,ETERNAL,"Who is near to Death. [ETERNAL] God, to whom belong the",1,,,,
1414,155,139,word,hiin,him,"be underneath him, and grant [him] a peaceful departure, and a",1,,,,
1415,156,140,word,{~\,O,"For One Restored from Sickness. [O] GOD, who art the Giver",1,,,,
1416,156,140,word,lie,he,"Thy merciful goodness, and may [he] devote the residue of his",1,,,,
1417,156,140,word,7ns,his,"he devote the residue of [his] days to an humble, holy,",1,,,,
1418,156,140,word,Oke,One,Christ our Lord. Amen. For [One] Going a Journey. LORD God,1,,,,
1419,156,140,drop capital,T ORD,LORD,"For One Going a Journey. [LORD] God omnipotent, who reignest in",1,,,,
1420,156,140,word,hiin,him,Thou his faithful friend; keep [him] in health and heart; prosper,1,,,,
1421,156,140,word,r\,O,"or Persons, Going to Sea. [O] ETERNAL Lord God, who alone",1,,,,
1422,156,140,word,"hrm,","him,","our prayers are desired. Guard [him,] we beseech Thee, from the",1,,,,
1423,156,140,drop capital,T ORD,LORD,"Lord. Amen. For Our Enemies. [LORD] Jesus Christ, who hast commanded",1,,,,
1424,156,140,punctuation/spacing,w^ho,who,but to pray for those [who] hate us;,1,,,,
1425,157,141,word,Fob,For,"both now and evermore. Amen. [For] Benefactors. ALMIGHTY God, by whose",1,,,,
1426,157,141,drop capital,A LMIGHTY,ALMIGHTY,"and evermore. Amen. For Benefactors. [ALMIGHTY] God, by whose good Spirit",1,,,,
1427,157,141,drop capital,r\UR,OUR,"Lord. Amen. For Distant Friends. [OUR] heavenly Father, who hast bestowed",1,,,,
1428,158,142,drop capital,/^UR,OUR,"Thanksgiving for a Prayer Granted. [OUR] heavenly Father, who hast mercifully",1,,,,
1429,158,142,word,[Jiere,[here,granted our heart's desire in [[here] let the special mercy be,,,,,
1430,158,142,heading (re-cased/corrected),BRIEF PETITIONS.,IV. Brief Petitions,our Lord Jesus Christ. Amen. [IV. Brief Petitions] For the Spirit of Prayer.,1,,,,
1431,158,142,word,Prater. r\,Prayer. O,"Petitions For the Spirit of [Prayer. O] LORD our God, who alone",,,,,
1432,158,142,word,f\,O,"Jesus Christ our Lord. Amen. [O] LORD, grant unto us an",1,,,,
1433,158,142,drop capital,T ET,LET,"Jesus Christ our Lord. Amen. [LET] the prayers of Thy suppliants,",1,,,,
1434,158,142,word,r\,O,"Jesus Christ our Lord. Amen. [O] HOLY Spirit the Comforter, who,",1,,,,
1435,159,143,word,f\,O,"For Penitence. [O] LORD God, who despisest not",1,,,,
1436,159,143,word,r\,O,"and Lord Jesus Christ. Amen. [O] GOD, who art rich in",1,,,,
1437,159,143,drop capital,A LMIGHTY,ALMIGHTY,"repentance; through Thy mercy. Amen. [ALMIGHTY] and everlasting God, who hatest",1,,,,
1438,159,143,word,Ainen.,Amen.,"through Jesus Christ our Lord. [Amen.] For Forgiveness. HAVE compassion, O",1,,,,
1439,159,143,drop capital,XT AYE,HAVE,"our Lord. Amen. For Forgiveness. [HAVE] compassion, O God, upon Thy",1,,,,
1440,159,143,word,r\,O,"Jesus Christ our Lord. Amen. [O] MERCIFUL God, the Fountain of",1,,,,
1441,159,143,drop capital,T ET,LET,"Jesus Christ our Lord. Amen. [LET] Thy mercy come upon us,",1,,,,
1442,160,144,word,the}^,they,that [they] may be covered and blotted,1,,,,
1443,160,144,drop capital,"""PORGIVE,","FORGIVE,","and died for us. Amen. [FORGIVE,] O Lord, we beseech Thee,",1,,,,
1444,160,144,word,"auger,","anger,","have spoken falsely or in [anger,] and all that we have",1,,,,
1445,160,144,punctuation/spacing,de. liberate,deliberate,"hasty faults, our wilful and [deliberate] offenses, and all our sins",1,,,,
1446,160,144,punctuation/spacing,slothf ulness,slothfulness,and all our sins of [slothfulness] and neglect. Forgive us freely;,1,,,,
1447,160,144,word,r\,O,"Jesus Christ. Amen. For Faith. [O] ALMIGHTY and everlasting God, who",1,,,,
1448,160,144,punctuation/spacing,w^ho,who,"O ALMIGHTY and everlasting God, [who] not only givest every good",1,,,,
1449,160,144,punctuation/spacing,promises.;,promises;,"in Thee, and in Thy [promises;] and that neither by our",1,,,,
1450,160,144,word,JesQS,Jesus,"in our Saviour and Lord [Jesus] Christ. Amen. GRANT us, O",1,,,,
1451,160,144,drop capital,rjRANT,GRANT,"and Lord Jesus Christ. Amen. [GRANT] us, O Lord, we pray",1,,,,
1452,160,144,word,0,O,"Jesus Christ. Amen. GRANT us, [O] Lord, we pray Thee, to",1,,,,
1453,160,144,drop capital,T ORD,LORD,"Jesus Christ our Lord. Amen. [LORD] Jesus Christ, very God and",1,,,,
1454,160,144,word,"IMan,","Man,","Christ, very God and very [Man,] who changest not, but art",1,,,,
1455,160,144,word,hj,by,"to be very God, who [by] Thy mighty works art proved",1,,,,
1456,160,144,drop capital,I T,IT,of all. Amen. For Hope. [IT] is good for us to,1,,,,
1457,160,144,word,Tbee,Thee,hope which joins us to [Thee] may not be shaken by,1,,,,
1458,161,145,word,f\,O,"[O] GOD, who by Thy Word",1,,,,
1459,161,145,punctuation/spacing,"""Word",Word,"O GOD, who by Thy [Word] hast given unto us exceeding",1,,,,
1460,161,145,word,Ame7i.,Amen.,"cheerfulness of a godly hope. [Amen.] For Love. O GOD, who",1,,,,
1461,161,145,word,"Lov^e, f\",Love. O,"a godly hope. Amen. For [Love. O] GOD, who hast taught us",,,,,
1462,161,145,word,Q,O,"Jesus Christ our Lord. Amen. [O] GOD the Father almighty, good",1,,,,
1463,161,145,word,maketli,maketh,"that peace of Thine which [maketh] all things peaceful, and through",1,,,,
1464,161,145,word,Son.. Allien. f\,Son. Amen. O,"and tenderness of Thine only-begotten [Son. Amen. O] GOD of love, Giver of",1,,,,
1465,161,145,punctuation/spacing,love.,"love,","Son. Amen. O GOD of [love,] Giver of concord, who hast",1,,,,
1466,161,145,word,r\,O,"Amen. For Humility and Patience. [O] GOD, who resistest the proud,",1,,,,
1467,162,146,word,Ajnen. /^UR,Amen. OUR,"through Jesus Christ our Lord. [Amen. OUR] Father in heaven, who chastenest",1,,,,
1468,162,146,drop capital,A LMIGHTY,ALMIGHTY,"patience inherit Thy promises. Amen. [ALMIGHTY] God, who dost suffer Thy",1,,,,
1469,162,146,word,r\,O,"the Lord. Amen. For Perseverance. [O] GOD, who in Thy loving-kindness",1,,,,
1470,162,146,word,f\,O,"Jesus Christ our Lord. Amen. [O] GOD, who hast willed that",1,,,,
1471,162,146,word,t\irn,turn,"of Thy will, may never [turn] aside from the ways of",1,,,,
1472,162,146,punctuation/spacing,"Lord,",Lord.,life; through Jesus Christ our [Lord.] Amen. LOOK upon us and,1,,,,
1473,162,146,drop capital,T OOK,LOOK,"Jesus Christ our Lord. Amen. [LOOK] upon us and hear us,",1,,,,
1474,162,146,word,f\,O,"to begin. Amen. For Purity. [O] GOD, whose blessed Son was",1,,,,
1475,163,147,drop capital,TN,IN,"eternal and glorious kingdom. Amen. [IN] Thy mercy and majesty, O",1,,,,
1476,163,147,drop capital,A LMIGHTY,ALMIGHTY,"our Lord. Amen. For Temperance. [ALMIGHTY] God, gracious Father of men",1,,,,
1477,163,147,drop capital,IX/TOST,MOST,"Jesus Christ our Lord. Amen. [MOST] merciful Father, who desirest not",1,,,,
1478,163,147,punctuation/spacing,life,life;,"a godly, righteous, and sober [life;] through the grace of our",1,,,,
1479,164,148,word,r\,O,"For a Heavenly Mind. [O] ALMIGHTY God, who alone canst",1,,,,
1480,164,148,drop capital,/^RANT,GRANT,"Jesus Christ our Lord. Amen. [GRANT] us, O Lord, we beseech",1,,,,
1481,164,148,drop capital,A LMIGHTY,ALMIGHTY,"Jesus Christ our Lord. Amen. [ALMIGHTY] and eternal God, who dost",1,,,,
1482,164,148,word,r\,O,"for Jesus Christ's sake. Amen. [O] LORD, whose favour is life,",1,,,,
1483,164,148,word,r\,O,"our Lord. Amen. For Guidance. [O] THOU great Shepherd of Israel,",1,,,,
1484,164,148,word,laud,land,of old out of the [land] of Egypt and the house,1,,,,
1485,165,149,drop capital,"TESUS,","JESUS,","for Thy faithful people. Amen. [JESUS,] our Master, do Thou meet",1,,,,
1486,165,149,word,Ame?i.,Amen.,"the Life, art guiding us. [Amen.] For Protection. ALMIGHTY God, who",1,,,,
1487,165,149,drop capital,A LMIGHTY,ALMIGHTY,"guiding us. Amen. For Protection. [ALMIGHTY] God, who seest that we",1,,,,
1488,165,149,word,A7nen. r\,Amen. O,"through Jesus Christ our Lord. [Amen. O] God, who knowest us to",1,,,,
1489,165,149,word,0,O,"Jesus Christ our Lord. Amen. [O] ALMIGHTY Lord and everlasting God,",1,,,,
1490,165,149,punctuation/spacing,"govern,both","govern, both","Thee, to direct, sanctify, and [govern, both] our hearts and bodies in",2,,,,
1491,165,149,drop capital,TNTO,INTO,"and Saviour Jesus Christ. Amen. [INTO] Thy hands we commit ourselves,",1,,,,
1492,166,150,drop capital,"T ORD,","LORD,","to the Will of God. [LORD,] if it be Thy will,",1,,,,
1493,166,150,word,Tbj^,Thy,"glory, so be it in [Thy] Name. Lord, if Thou seest",1,,,,
1494,166,150,word,everj'^,every,"wilt, deal freely with us [every] day. We are in Thy",1,,,,
1495,166,150,word,r\,O,"Amen. For Grace to Live. [O] GOD, who, by the example",1,,,,
1496,166,150,word,r\,O,"our Saviour Jesus Christ. Amen. [O] GOD, by whom the meek",1,,,,
1497,167,151,word,Q,O,"For Grace to Die. [O] GOD, who holdest our souls",1,,,,
1498,167,151,word,boldest,holdest,"to Die. O GOD, who [holdest] our souls in life, and",1,,,,
1499,167,151,heading (re-cased),"Cometh,","cometh,","that when our last hour [cometh,] and the time of our",1,,,,
1500,167,151,punctuation/spacing,ended,"ended,","of our earthly sojourn is [ended,] we may neither be troubled",1,,,,
1501,167,151,heading (re-cased/corrected),7 T°°' ^^^^,"Thy Son, our","trusting in the merits of [Thy Son, our] Saviour, we may obtain a",1,,,,
1502,167,151,drop capital,"ASCRIPTIONS OF PRAISE. I, XrOW",V. Ascriptions of Praise I. NOW,with Thee for ever. Amen. [V. Ascriptions of Praise I. NOW] unto Him that is able,1,,,,
1503,167,151,punctuation/spacing,end,end.,"throughout all ages, world without [end.] Amen. II. NOW unto Him",1,,,,
1504,167,151,drop capital,^OW,NOW,world without end. Amen. II. [NOW] unto Him that is able,1,,,,
1505,167,151,drop capital,TTNTO,UNTO,"now and ever. Amen. III. [UNTO] Him that loved us, and",1,,,,
1506,167,151,punctuation/spacing,us.,"us,","III. UNTO Him that loved [us,] and washed us from our",1,,,,
1507,167,151,word,tor,for,Him be glory and dominion [for] ever and ever. Amen. IV.,1,,,,
1508,167,151,drop capital,rv. ^OW,IV. NOW,for ever and ever. Amen. [IV. NOW] unto the blessed and only,1,,,,
1509,167,151,word,m,in,"who only hath immortality, dwelling [in] the light which no man",1,,,,
1510,167,151,punctuation/spacing,unto •,unto;,which no man can approach [unto;] whom no man hath seen,1,,,,
1511,168,152,drop capital,"""^OW",V. NOW,[V. NOW] unto the God of all,1,,,,
1512,168,152,word,Airien. vi. A ND,Amen. VI. AND,"dominion for ever and ever. [Amen. VI. AND] now to the Father, Son,",1,,,,
1513,168,152,word,vn. TTNTO,VII. UNTO,"for ever and ever. Amen. [VII. UNTO] the Father, and unto the",1,,,,
1514,168,152,drop capital,"""DLESSING,","BLESSING,","and for ever. Amen. VIII. [BLESSING,] and honour, and glory, and",1,,,,
1515,169,153,heading (re-cased/corrected),FAMILY PRAYERS. MORNING.,Family Prayers Morning.,"[Family Prayers Morning.] Sunday. GLORY be to Thee,",,,,,
1516,169,153,drop capital,/?j.LORY,GLORY,"Family Prayers Morning. Sunday. [GLORY] be to Thee, O God;",1,,,,
1517,169,153,drop capital,A S,AS,living Saviour Jesus Christ. Amen. [AS] the hart panteth after the,1,,,,
1518,169,153,drop capital,A LMIGHTY,ALMIGHTY,"dear Son Jesus Christ. Amen. [ALMIGHTY] God, we praise Thee for",1,,,,
1519,170,154,rubric mark (¶),"""H",,Jesus Christ our Lord. Amen. [] Here any special prayer or,,,,,
1520,170,154,word,j)r&sent,present,be added; and let all [present] join their voices and hearts,1,,,,
1521,170,154,punctuation/spacing,"OGOD,","O GOD,","in The Lord's Prayer. Monday. [O GOD,] our Father, of whom the",1,,,,
1522,170,154,punctuation/spacing,grace.,"grace,","fulness of Thy love and [grace,]",1,,,,
1523,171,155,drop capital,T IFT,LIFT,Jesus Christ our Lord. Amen. [LIFT] upon us the light of,1,,,,
1524,171,155,word,ghid,glad,we may rejoice and be [glad] in Thee; and send into,1,,,,
1525,171,155,rubric mark (¶),IT,,children in Jesus Christ. Amen. [] Here any special prayer or,,,,,
1526,171,155,punctuation/spacing,"season,of",season of,"particular occasion, or to the [season of] the year, may be added;",2,,,,
1527,171,155,punctuation/spacing,voice's,voices,let all present join their [voices] and hearts in The Lord's,2,,,,
1528,171,155,punctuation/spacing,Prayer,Prayer.,"and hearts in The Lord's [Prayer.] Tuesday. O THOU, who art",1,,,,
1529,171,155,word,r\,O,"in The Lord's Prayer. Tuesday. [O] THOU, who art the true",1,,,,
1530,171,155,punctuation/spacing,away.,"away,","on every side, being driven [away,] Thou brightly shining within our",1,,,,
1531,171,155,word,"v:)ffense,","offense,","go without any stumbling or [offense,] and may walk as in",1,,,,
1532,171,155,drop capital,A LMIGHTY,ALMIGHTY,"us to walk in. Amen. [ALMIGHTY] God, who alone gavest us",1,,,,
1533,172,156,punctuation/spacing,"OGOD,","O GOD,","this prayer, O Lord. Amen. [O GOD,] most merciful, who healest those",1,,,,
1534,172,156,punctuation/spacing,this.,"this,","save them from despair. Grant [this,] O Lord, for the love",1,,,,
1535,172,156,rubric mark (¶),H,,our Saviour Jesus Christ. Amen. [] Here any special prayer or,,,,,
1536,172,156,drop capital,A LMIGHTY,ALMIGHTY,"in The Lord's Prayer. Wednesday. [ALMIGHTY] and most merciful Father, in",1,,,,
1537,172,156,word,liodies,bodies,surrender of our souls and [bodies] to Thy holy will and,1,,,,
1538,173,157,drop capital,"rjRANT,","GRANT,","in Thee for ever. Amen. [GRANT,] O Lord, that this day",1,,,,
1539,173,157,punctuation/spacing,ourburdens,our burdens,as in Thy sight; that [our burdens] may not be too heavy,1,,,,
1540,173,157,rubric mark (¶),IT,,Jesus Christ our Saviour. Amen. [] Here any special prayer or,,,,,
1541,173,157,word,"househola,","household,","to the need of the [household,] to any particular occasion, or",4,,,,
1542,173,157,word,r\,O,"in The Lord's Prayer. Thursday. [O] LORD, lift up the light",1,,,,
1543,174,158,word,r\,O,"[O] THOU who dwellest in heaven,",1,,,,
1544,174,158,word,wilh,with,"Thee. Draw near to them [with] the comfort of Thy love,",1,,,,
1545,174,158,word,r\,O,"for Jesus Christ's sake. Amen. [O] GOD, the Protector of all",1,,,,
1546,174,158,word,0,O,"the things eternal. Grant this, [O] Lord, most merciful, for the",1,,,,
1547,174,158,rubric mark (¶),1,,"dear Son, our Saviour. Amen. [] Here any special prayer or",,,,,
1548,174,158,word,bHef,brief,"Here any special prayer or [brief] petition, suited to the need",5,,,,
1549,174,158,word,tnay he,may be,"the season of the year, [may be] added; and let all present",5,,,,
1550,174,158,drop capital,"""VyE",WE,"in The Lord's Prayer. Friday. [WE] praise Thee, O God, with",1,,,,
1551,174,158,word,Tny,Thy,"love, in Thy work and [Thy] joy; we thank Thee, heavenly",1,,,,
1552,175,159,word,^\,O,"[O] LORD, grant that our hearts",1,,,,
1553,175,159,word,0,O,"are already gone to Thee. [O] Lord, save us from sin,",1,,,,
1554,175,159,rubric mark (¶),IT,,Jesus Christ our Lord. Amen. [] Here any special prayer or,,,,,
1555,175,159,word,addea;,added;,"of the year, may be [added;] and let all present join",6,,,,
1556,175,159,drop capital,A LMIGHTY,ALMIGHTY,"in The Lord's Prayer. Saturday. [ALMIGHTY] God, our Father and Preserver;",1,,,,
1557,175,159,punctuation/spacing,w^e,we,"Thy grace within us, until [we] shall be perfectly united in",2,,,,
1558,175,159,word,he,be,before Thee: [here let there [be] a moment of prayer in,,,,,
1559,175,159,punctuation/spacing,silence .•],silence;],"a moment of prayer in [silence;]] Protect our country, and prosper",2,,,,
1560,176,160,word,Tli}^,Thy,"pleased to cast out of [Thy] remembrance all our past offenses,",2,,,,
1561,176,160,rubric mark (¶),H,,Jesus Christ our Lord. Amen. [] Here any special prayer or,,,,,
1562,176,160,word,sxiited,suited,"special prayer or brief petition, [suited] to the need of the",7,,,,
1563,176,160,word,adaea;,added;,"of the year, may be [added;] and let all present join",7,,,,
1564,176,160,word,r\,O,"Lord's Prayer. For the Sick. [O] THOU who hearest prayer, we",1,,,,
1565,176,160,punctuation/spacing,^^,,pray Thee to be very [] kind and merciful to Thy,,,,,
1566,176,160,punctuation/spacing,"child,","child ——,","kind and merciful to Thy [child ——,] whose body suffers in pain",1,,,,
1567,176,160,word,Mm,him,is in danger.] Grant unto [him] patience and tranquillity of mind;,1,,,,
1568,176,160,word,Ms,his,"all the means used for [his] recovery, and all who minister",1,,,,
1569,176,160,word,Mm,him,and all who minister to [him] in his suffering [and peril.],,,,,
1570,176,160,word,Ms,his,who minister to him in [his] suffering [and peril.] Make Thou,,,,,
1571,176,160,word,Ms,his,"suffering [and peril.] Make Thou [his] bed in his sickness, and",,,,,
1572,176,160,word,Ms,his,"Make Thou his bed in [his] sickness, and comfort him as",1,,,,
1573,176,160,word,Mm,him,"in his sickness, and comfort [him] as a mother comforteth her",1,,,,
1574,176,160,punctuation/spacing,comf orteth,comforteth,comfort him as a mother [comforteth] her child. Restore him speedily,1,,,,
1575,176,160,word,Mm,him,"mother comforteth her child. Restore [him] speedily to health, if it",1,,,,
1576,176,160,word,Mm,him,but above all things grant [him] that which Thou knowest to,1,,,,
1577,176,160,word,"Mm,","him,","knowest to be best for [him,] and keep him Thine for",1,,,,
1578,176,160,word,Mm,him,"best for him, and keep [him] Thine for evermore; through Jesus",1,,,,
1579,176,160,word,A inen.,Amen.,"through Jesus Christ our Saviour. [Amen.] For the Absent. ALMIGHTY God,",1,,,,
1580,176,160,drop capital,A LMIGHTY,ALMIGHTY,"Saviour. Amen. For the Absent. [ALMIGHTY] God, who art not far",1,,,,
1581,176,160,punctuation/spacing,-^-^,,from any one of us; [] We commend into Thy fatherly,,,,,
1582,176,160,punctuation/spacing,"keeping,","keeping ——,","into Thy fatherly care and [keeping ——,] to whom our hearts go",1,,,,
1583,176,160,word,Mm,him,body and in soul; enrich [him] with all blessings both for,1,,,,
1584,177,161,word,Depabting,Departing,For [Departing] Friends and Travellers. MOST merciful,1,,,,
1585,177,161,word,"Travellers, ll/rOST",Travellers. MOST,"For Departing Friends and [Travellers. MOST] merciful Father, we beseech Thee",,,,,
1586,177,161,word,beseecli,beseech,"Travellers. MOST merciful Father, we [beseech] Thee to protect and prosper",1,,,,
1587,177,161,punctuation/spacing,,——,Thee to protect and prosper [——] on his intended journey. May,1,,,,
1588,177,161,word,Ms,his,protect and prosper —— on [his] intended journey. May the Angel,1,,,,
1589,177,161,word,Mm,him,"of Thy Presence be with [him] wherever he may go, and",1,,,,
1590,177,161,word,Ms,his,"may go, and may all [his] steps be ordered of Thee",1,,,,
1591,177,161,word,lie,he,wisdom and love; so that [he] shall travel with Thee as,1,,,,
1592,177,161,word,Ms,his,"shall travel with Thee as [his] guardian and his guide, and",1,,,,
1593,177,161,word,Ms,his,"Thee as his guardian and [his] guide, and arrive in safety",1,,,,
1594,177,161,word,Ms,his,"and arrive in safety at [his] desired haven. O Lord, bless",1,,,,
1595,177,161,word,Ms,his,"desired haven. O Lord, bless [his] going-out and his coming-in, from",1,,,,
1596,177,161,word,Ms,his,"Lord, bless his going-out and [his] coming-in, from this time forth",1,,,,
1597,177,161,punctuation/spacing,"OGOD,","O GOD,","Family in Time of Distress. [O GOD,] most wise and loving and",1,,,,
1598,177,161,word,\liere,[here,"come into this present trial, [[here] the affliction may be named",,,,,
1599,177,161,word,he,be,"trial, [here the affliction may [be] named or silently remembered,] in",,,,,
1600,177,161,word,"reynembered,]","remembered,]","may be named or silently [remembered,]] in order that we may",,,,,
1601,177,161,word,r\,O,"our Lord. Amen. Brief Petitions. [O] GOD, who hast taught us",1,,,,
1602,177,161,drop capital,TTEAR,HEAR,"Jesus Christ our Lord. Amen. [HEAR] our prayers, O Lord, and",1,,,,
1603,178,162,word,Ame?!. T OOK,Amen. LOOK,"prepared for every good work. [Amen. LOOK] upon us, O Lord, and",1,,,,
1604,178,162,word,"A men. rjRANT,","Amen. GRANT,","our peace shall be perfect. [Amen. GRANT,] Lord, that we may not,",1,,,,
1605,178,162,word,r\,O,"contrary to Thy love. Amen. [O] LORD, perfect, we beseech Thee,",1,,,,
1606,178,162,drop capital,A LMIGHTY,ALMIGHTY,"Lord God and Saviour. Amen. [ALMIGHTY] God, who art the Giver",1,,,,
1607,178,162,word,r\,O,"for Jesus Christ's sake. Amen. [O] GOD, who hast commanded us",1,,,,
1608,179,163,word,r\,O,"[O] ALMIGHTY Lord, and everlasting God,",3,,,,
1609,179,163,punctuation/spacing,"govern,both","govern, both","Thee, to direct, sanctify, and [govern, both] our hearts and bodies in",3,,,,
1610,179,163,heading (re-cased),EVENING.,Evening.,and Saviour Jesus Christ. Amen. [Evening.] A General Prayer. O GOD,,,,,
1611,179,163,word,Genekal,General,"Jesus Christ. Amen. Evening. A [General] Prayer. O GOD most merciful,",1,,,,
1612,179,163,word,f\,O,"Amen. Evening. A General Prayer. [O] GOD most merciful, Light eternal",1,,,,
1613,180,164,drop capital,A LMIGHTY,ALMIGHTY,"Various Prayers. [ALMIGHTY] God, who seest that we",1,,,,
1614,180,164,drop capital,A LMIGHTY,ALMIGHTY,"Jesus Christ our Lord. Amen. [ALMIGHTY] God, the Father of our",1,,,,
1615,180,164,word,"pONFIRM,","CONFIRM,","find rest in God. Amen. [CONFIRM,] O Lord, we pray Thee,",1,,,,
1616,180,164,word,Ainen. /^,Amen. O,"through Jesus Christ our Lord. [Amen. O] GOD, Father of our spirits",1,,,,
1617,180,164,drop capital,X^ATHER,FATHER,"ask in Jesus' Name. Amen. [FATHER] of our spirits, and Father",1,,,,
1618,181,165,word,0,O,"thing needful and be content. [O] Master, let us walk with",1,,,,
1619,181,165,word,Thee 1 Ajnen. Tl/'E,Thee! Amen. WE,"Master, let us walk with [Thee! Amen. WE] beseech Thee, Lord, to behold",1,,,,
1620,181,165,punctuation/spacing,gath' ered,gathered,"to behold us with favour, [gathered] together in the peace of",1,,,,
1621,181,165,word,plav,play,"be taken, brace us to [play] the man under affliction. Be",1,,,,
1622,181,165,word,witli,with,"Be with our friends, be [with] ourselves. Go with each of",1,,,,
1623,181,165,word,f\,O,"strong to endure it. Amen. [O] LORD, make us to love",1,,,,
1624,181,165,word,ATnen. f\,Amen. O,"dwell in Thine everlasting love. [Amen. O] LORD, support us all day",1,,,,
1625,181,165,punctuation/spacing,life.,"life,","day long of this troublous [life,] until the shadows lengthen and",1,,,,
1626,181,165,drop capital,QEND,SEND,"Jesus Christ our Lord. Amen. [SEND] Thy peace into our hearts,",1,,,,
1627,181,165,word,0,O,"Thy peace into our hearts, [O] Lord, at the evening hour,",1,,,,
1628,182,166,drop capital,T IGHTEN,LIGHTEN,"[LIGHTEN] our darkness, we beseech Thee,",3,,,,
1629,182,166,drop capital,A LMIGHTY,ALMIGHTY,"our Saviour, Jesus Christ. Amen. [ALMIGHTY] God, with whom do rest",1,,,,
1630,182,166,punctuation/spacing,"Lord,",Lord.,kingdom; through Jesus Christ our [Lord.] Amen. The Confession of Sins.,1,,,,
1631,182,166,drop capital,IVrOST,MOST,Amen. The Confession of Sins. [MOST] holy and merciful Father; We,1,,,,
1632,182,166,punctuation/spacing,"""We",We,MOST holy and merciful Father; [We] acknowledge and confess in Thy,3,,,,
1633,182,166,word,Lokd's,Lord's,Christ our Lord. Amen. The [Lord's] Prayer. OUR Father which art,1,,,,
1634,182,166,drop capital,/^UR,OUR,"Lord. Amen. The Lord's Prayer. [OUR] Father which art in heaven,",1,,,,
1635,182,166,punctuation/spacing,heaven.,"heaven,","OUR Father which art in [heaven,] Hallowed be Thy Name. Thy",9,,,,
1636,182,166,punctuation/spacing,temptation.,"temptation,","And lead us not into [temptation,] But deliver us from evil:",9,,,,
1637,183,167,drop capital,T^HE,THE,Forms of Grace Before Meat. [THE] Lord make us grateful for,1,,,,
1638,183,167,drop capital,A LMIGHTY,ALMIGHTY,"blessing, for Christ's sake. Amen. [ALMIGHTY] God, who providest for us,",1,,,,
1639,183,167,drop capital,T>LESS,BLESS,"Life in Jesus Christ. Amen. [BLESS] us, O Lord, in blessing",1,,,,
1640,183,167,drop capital,T^HE,THE,gift of daily bread. Amen. [THE] Lord bless this food to,1,,,,
1641,183,167,drop capital,"T ORD,","LORD,","us to His service. Amen. [LORD,] help us to receive all",1,,,,
1642,183,167,drop capital,XTEAVENLY,HEAVENLY,"them to Thy praise. Amen. [HEAVENLY] Father, make us thankful to",1,,,,
1643,183,167,drop capital,"""pATHER",FATHER,"blessings, in Jesus' Name. Amen. [FATHER] in heaven, sustain our bodies",1,,,,
1644,183,167,drop capital,T ORD,LORD,"truth, for Christ's sake. Amen. [LORD] Jesus, be our holy Guest,",1,,,,
1645,183,167,punctuation/spacing,•^,,"Jesus, be our holy Guest, [] Our morning Joy, our evening",,,,,
1646,184,168,page rewritten,(see scan),(see Markdown),,,REVIEW,"Table of Selections for certain days rebuilt as a Markdown table (""Bay"" -> ""Day"", ""Faster"" -> ""Easter"", ""Christinas"" -> ""Christmas"", ""Hniniliation"" -> ""Humiliation""). NOTE: the printed table lists Selection 61 under National Days, but the Psalter has only 60 Selections; left as printed.",,
1647,185,169,punctuation/spacing,take^,take,"set themselves, and the rulers [take] counsel together: against the Lord,",1,,,,
1648,185,169,word,"sajing,","saying,","Lord, and against his Anointed, [saying,] 9 Let us break their",1,,,,
1649,185,169,word,0,O,"16 Be wise now therefore, [O] ye kings: be instructed, ye",1,,,,
1650,186,170,word,tlieir,their,time that their corn and [their] wine increased. 26 I will,1,,,,
1651,186,170,heading (re-cased/corrected),SELECTION 2.,Selection 2,makest me dwell in safety. [Selection 2] Psalm 5: 1-7. 1 GIVE,1,,,,
1652,186,170,word,io,10,"the enemy and the avenger. [10] When I consider thy heavens,",1,,,,
1653,186,170,word,lingers:,fingers:,"heavens, the work of thy [fingers:] the moon and the stars,",1,,,,
1654,187,171,punctuation/spacing,string;,string:,ready their arrow upon the [string:] that they may privily shoot,1,,,,
1655,187,171,word,28,23,the portion of their cup. [23] For the righteous Lord loveth,1,,,,
1656,187,171,heading (re-cased/corrected),SELECTION 3.,Selection 3,countenance doth behold the upright. [Selection 3] Psalm 13. 1 HOW long,1,,,,
1657,187,171,punctuation/spacing,him;,him:,"say, I have prevailed against [him:] and those that trouble me",1,,,,
1658,188,172,word,"e3""es",eyes,his neighbour. 10 In whose [eyes] a vile person is contemned;,1,,,,
1659,188,172,word,liis,his,"He that putteth not out [his] money to usury, nor taketh",1,,,,
1660,188,172,word,wiio,who,"I will bless the Lord, [who] hath given me counsel: my",1,,,,
1661,188,172,word,31,21,also shall rest in hope. [21] For thou wilt not leave,1,,,,
1662,188,172,punctuation/spacing,show^,show,see corruption. 22 Thou wilt [show] me the path of life;,1,,,,
1663,188,172,heading (re-cased/corrected),SELECTION 4.,Selection 4,"there are pleasures for evermore. [Selection 4] Psalm 17: 1-9,15. 1 HEAR",1,,,,
1664,189,173,word,tliine,thine,forth from thy presence: let [thine] eyes behold the things that,1,,,,
1665,189,173,word,ej^e:,eye:,as the apple of the [eye:] hide me under the shadow,1,,,,
1666,190,174,word,"clierub,","cherub,","And he rode upon a [cherub,] and did fly: yea, he",1,,,,
1667,190,174,word,%:,fly:,"upon a cherub, and did [fly:] yea, he did fly upon",1,,,,
1668,190,174,word,th}^,thy,blast of the breath of [thy] nostrils. 26 He sent from,1,,,,
1669,190,174,punctuation/spacing,w^aters.,waters.,drew me out of many [waters.] 27 He delivered me from,1,,,,
1670,190,174,heading (re-cased/corrected),SELECTION 6.,Selection 5,because he delighted in me. [Selection 5] Psalm 18: 25-35. 1 WITH,1,,,,
1671,190,174,word,wult,wilt,thyself froward. 3 For thou [wilt] save the afflicted people: but,1,,,,
1672,191,175,word,maketb,maketh,9 He [maketh] my feet like hinds' feet:,1,,,,
1673,191,175,word,"haudywork,","handywork,","and the firmament showeth his [handywork,] 13 Day unto day uttereth",1,,,,
1674,192,176,heading (re-cased/corrected),SELECTION 6.,Selection 6,"my strength, and my redeemer. [Selection 6] Psalm 20. 1 THE Lord",1,,,,
1675,192,176,word,_,,Lord fulfil all thy petitions. [] 6 Now know I that,,,,,
1676,192,176,word,_,,"strength of his right hand. [] 7 Some trust in chariots,",,,,,
1677,192,176,punctuation/spacing,w^alk,walk,"sake. 13 Yea, though I [walk] through the valley of the",1,,,,
1678,193,177,punctuation/spacing,"24,",24.,Psalm [24.] 16 THE earth is the,,,,,
1679,193,177,heading (re-cased/corrected),SELECTION 7.,Selection 7,"is the King of glory, [Selection 7] Psalm 25. 1 UNTO thee,",1,,,,
1680,193,177,word,"waj^s,","ways,","cause, 4 Show me thy [ways,] O Lord: teach me thy",1,,,,
1681,194,178,word,hi?,his,the meek will he teach [his] way. 10 All the paths,1,,,,
1682,194,178,word,siiall,shall,shall choose. 13 His soul [shall] dwell at ease: and his,1,,,,
1683,194,178,heading (re-cased/corrected),SELECTION 8.,Selection 8,"out of all his troubles. [Selection 8] Psalm 26: 8-12. 1 LORD,",1,,,,
1684,195,179,word,npon,upon,"enemies and my foes, came [upon] me to eat up my",1,,,,
1685,196,180,word,strcDgth,strength,and he is the saving [strength] of his anointed. 23 Save,1,,,,
1686,196,180,heading (re-cased/corrected),SELECTION 9.,Selection 9,lift them up for ever. [Selection 9] Psalm 28: 6-9. 1 GIVE,1,,,,
1687,196,180,punctuation/spacing,sittethupon,sitteth upon,"his glory. 10 The Lord [sitteth upon] the flood: yea, the Lord",1,,,,
1688,196,180,word,mj',my,"over me. 13 O Lord [my] God, I cried unto thee:",1,,,,
1689,196,180,flag only (no change),,,up for ever. Selection 9 Psalm 28: 6-9.,,REVIEW,"printed heading misplaced in the 1906 original: verses under it are Psalm 29; the 'Psalm 29' heading below stands over Psalm 30, and Psalm 28:6-9 (vv. 20-23 of Selection 8) has no heading. Left as printed",,
1690,197,181,word,liis:,his:,"Lord, O ye saints of [his:] and give thanks at the",1,,,,
1691,197,181,word,Hve,give,ye saints of his: and [give] thanks at the remembrance of,1,,,,
1692,197,181,word,ioy,joy,"endure for a night, but [joy] cometh in the morning. 17",1,,,,
1693,197,181,word,mornmg.,morning.,but joy cometh in the [morning.] 17 And in my prosperity,1,,,,
1694,197,181,punctuation/spacing,moved,moved.,"said: I shall never be [moved.] 18 Lord, by thy favour",1,,,,
1695,197,181,word,cned,cried,"I was troubled 19 I [cried] to thee, O Lord: and",1,,,,
1696,197,181,word,o-q,go,"in my blood, when I [go] down to the pit: Shall",1,,,,
1697,197,181,word,thv,thy,"praise thee? shall it declare [thy] truth? 21 Hear, O Lord,",1,,,,
1698,197,181,punctuation/spacing,-^,,"shall it declare thy truth? [] 21 Hear, O Lord, and",,,,,
1699,197,181,punctuation/spacing,me •,me:,"Lord, and have mercy upon [me:] Lord be thou my helper.",1,,,,
1700,197,181,rubric mark (¶),•,,me my mourning into dancing: [] thou hast put off my,,,,,
1701,197,181,punctuation/spacing,°,,and girded me with gladness; [] 23 To the end that,,,,,
1702,197,181,word,SELECTION lO.,Selection 10,"thanks unto thee for ever. [Selection 10] Psalm 31: 1-5, 15-16, 19-24.",1,,,,
1703,197,181,word,"15-lG,","15-16,","Selection 10 Psalm 31: 1-5, [15-16,] 19-24. 1 IN thee, O",1,,,,
1704,197,181,word,m,IN,"31: 1-5, 15-16, 19-24. 1 [IN] thee, O Lord, do I",1,,,,
1705,197,181,word,speedilv •,speedily:,"ear to me; deliver me [speedily:] be thou my strong rock,",1,,,,
1706,197,181,word,privilv,privily,net that they have laid [privily] for me: for thou art,1,,,,
1707,197,181,word,tor,for,upon thy servant: save me [for] thy mercies' sake. 8 Oh,1,,,,
1708,197,181,word,tor,for,which thou hast laid up [for] them that fear thee: which,1,,,,
1709,198,182,word,slialt,shalt,9 Thou [shalt] hide them in the secret,1,,,,
1710,198,182,word,plentifull}'-,plentifully,"Lord preserveth the faithful, and [plentifully] rewardeth the proud doer. 13",1,,,,
1711,198,182,punctuation/spacing,"32,",32.,hope in the Lord. Psalm [32.] 14 BLESSED is he whose,,,,,
1712,198,182,word,surel}^,surely,when thou mayest be found: [surely] in the floods of great,1,,,,
1713,199,183,heading (re-cased/corrected),SELECTION 11.,Selection 11,[Selection 11] Psalm 33. 1 REJOICE in,1,,,,
1714,199,183,punctuation/spacing,heap;,heap:,the sea together as a [heap:] he layeth up the depth,1,,,,
1715,200,184,heading (re-cased/corrected),SELECTION 12.,Selection 12,as we hope in thee. [Selection 12] Psalm 34. 1 I WILL,1,,,,
1716,200,184,word,m}'-,my,praise shall continually be in [my] mouth. 2 My soul shall,1,,,,
1717,200,184,word,0,O,"that trusteth in him. 9 [O] fear the Lord, ye his",1,,,,
1718,201,185,word,rcdeemeth,redeemeth,be desolate. 22 The Lord [redeemeth] the soul of his servants:,1,,,,
1719,201,185,word,0,O,"How excellent is thy loving-kindness, [O] God: therefore the children of",1,,,,
1720,201,185,heading (re-cased/corrected),SELECTION 13.,Selection 13,"to the upright in heart. [Selection 13] Psalm 37: 1-9,23-40. 1 FRET",1,,,,
1721,201,185,word,shaU,shall,also in him; and he [shall] bring it to pass.,1,,,,
1722,203,187,word,SEIiECTION 14.,Selection 14,"because they trust in him. [Selection 14] Psalm 39. 1 I SAID,",1,,,,
1723,204,188,word,Tlie,The,"love thy salvation say continually, [The] Lord be magnified.",1,,,,
1724,205,189,word,thiiiketli,thinketh,and needy; yet the Lord [thinketh] upon me: thou art my,1,,,,
1725,205,189,heading (re-cased/corrected),SELECTION 15.,Selection 15,"no tarrying, O my God. [Selection 15] Psalm 42. 1 AS the",1,,,,
1726,205,189,punctuation/spacing,waterspouts^,waterspouts:,at the noise of thy [waterspouts:] all thy waves and thy,1,,,,
1727,205,189,word,arc,are,thy waves and thy billows [are] gone over me. 8 Yet,1,,,,
1728,206,190,word,th}^,thy,send out thy light and [thy] truth; let them lead me:,1,,,,
1729,206,190,word,tliy lioly,thy holy,"let them bring me unto [thy holy] hill, and to thy tabernacles.",1,,,,
1730,206,190,word,wiio,who,"I shall yet praise him, [who] is the health of my",1,,,,
1731,206,190,word,mv,my,"health of my countenance, and [my] God. Psalm 44: 1-8. 17",1,,,,
1732,206,190,punctuation/spacing,"sw^ord,","sword,","in possession by their own [sword,] neither did their own arm",1,,,,
1733,206,190,word,thj^,thy,"own arm save them: but [thy] right hand, and thine arm,",1,,,,
1734,206,190,heading (re-cased/corrected),SELECTION 16.,Selection 16,praise thy name for ever. [Selection 16] Psalm 45. 1 MY heart,1,,,,
1735,207,191,word,tiiy,thy,and meekness and righteousness: and [thy] right hand shall teach thee,1,,,,
1736,207,191,word,AVitli,With,be brought unto thee. 15 [With] gladness and rejoicing shall they,1,,,,
1737,208,192,heading (re-cased/corrected),SELECTION 17.,Selection 17,of Jacob is our refuge. [Selection 17] Psalm 47. 1 O CLAP,1,,,,
1738,209,193,word,cit}^,city,"have we seen in the [city] of the Lord of hosts,",1,,,,
1739,209,193,punctuation/spacing,ever;,ever:,our God for ever and [ever:] he will be our guide,1,,,,
1740,209,193,heading (re-cased/corrected),SELECTION 18.,Selection 18,our guide even unto death. [Selection 18] Psalm 51. 1 HAVE mercy,1,,,,
1741,210,194,punctuation/spacing,w^as,was,"thou judgest. 5 Behold, I [was] shapen in iniquity: and in",1,,,,
1742,210,194,punctuation/spacing,show^,show,lips: and my mouth shall [show] forth thy praise. 16 For,1,,,,
1743,210,194,word,_,,thou the walls of Jerusalem. [] 19 Then shalt thou be,,,,,
1744,211,195,heading (re-cased/corrected),SELECTION 19.,Selection 19,[Selection 19] Psalm 53. 1 THE fool,1,,,,
1745,211,195,punctuation/spacing,Havetheworkersof iniquitynoknowledge: whoeatup,Have the workers of iniquity no knowledge: who eat up,"good, no, not one. 4 [Have the workers of iniquity no knowledge: who eat up] my people as they eat",1,,,,
1746,211,195,word,0,O,"15 BE merciful unto me, [O] God, be merciful unto me,",1,,,,
1747,212,196,word,liigh:,high:,will cry unto God most [high:] unto God that performeth all,1,,,,
1748,212,196,word,31,21,"whereof they are fallen themselves. [21] My heart is fixed, O",1,,,,
1749,212,196,word,glor}'^;,glory;,"praise. 22 Awake up, my [glory;] awake, psaltery and harp: I",1,,,,
1750,212,196,word,0,O,"clouds. 25 Be thou exalted, [O] God, above the heavens: let",1,,,,
1751,212,196,heading (re-cased/corrected),SELECTION 20.,Selection 20,be above all the earth. [Selection 20] Psalm 61. 1 HEAR my,1,,,,
1752,212,196,word,th}^,thy,"trust in the covert of [thy] wings. 5 For thou, O",1,,,,
1753,213,197,word,0,O,"abide before God for ever: [O] prepare mercy and truth, which",1,,,,
1754,213,197,punctuation/spacing,"excellency,",excellency:,cast him down from his [excellency:] they delight in lies; they,1,,,,
1755,213,197,rubric mark (¶),^,,"mouth, but they curse inwardly. [] 13 My soul, wait thou",,,,,
1756,213,197,word,Avait,wait,"curse inwardly. 13 My soul, [wait] thou only upon God: for",1,,,,
1757,213,197,heading (re-cased/corrected),SELECTION 21.,Selection 21,"man according to his work. [Selection 21] Psalm 63. 1 O GOD,",1,,,,
1758,213,197,word,mv,my,"early will I seek thee: [my] soul thirsteth for thee, my",1,,,,
1759,214,198,word,thj^,thy,therefore in the shadow of [thy] wings will I rejoice. 8,1,,,,
1760,214,198,word,destroj^,destroy,"that seek my soul, to [destroy] it: shall go into the",1,,,,
1761,214,198,word,thnt,that,rejoice in God; every one [that] sweareth by him shall glory:,1,,,,
1762,214,198,word,0,O,"12 PRAISE waiteth for thee, [O] God, in Zion: and unto",1,,,,
1763,214,198,word,0,O,the vow be performed. 13 [O] thou that hearest prayer: unto,1,,,,
1764,214,198,word,0,O,"righteousness wilt thou answer us, [O] God of our salvation: who",1,,,,
1765,215,199,heading (re-cased/corrected),SELECTION 22.,Selection 22,"for joy, they also sing. [Selection 22] Psalm 66. 1 MAKE a",1,,,,
1766,216,200,word,Diet,O let,the people praise thee. 24 [O let] the nations be glad and,1,,,,
1767,216,200,heading (re-cased/corrected),SELECTION 23.,Selection 23,"the earth shall fear him. [Selection 23] Psalm 68: 1-19, 28-29; 31-35.",1,,,,
1768,218,202,punctuation/spacing,thatgiveth,that giveth,God of Israel is he [that giveth] strength and power unto his,1,,,,
1769,218,202,punctuation/spacing,selectio:n^ 24.,Selection 24,"his people. Blessed be God. [Selection 24] Psalm 70. 1 MAKE haste,",1,,,,
1770,218,202,word,taiTying.,tarrying.,"deliverer; O Lord, make no [tarrying.] Psalm 71: 1-5, 8-9, 12,",1,,,,
1771,218,202,word,mo,me,"put to confusion. 7 Deliver [me] in thy righteousness, and cause",1,,,,
1772,219,203,word,thj^,thy,tongue also shall talk of [thy] righteousness all the day long:,1,,,,
1773,219,203,heading (re-cased/corrected),SELECTION 25.,Selection 25,"shame, that seek my hurt. [Selection 25] Psalm 72. 1 GIVE the",1,,,,
1774,220,204,word,oflier,offer,"of Sheba and Seba shall [offer] gifts. 11 Yea, all kings",1,,,,
1775,220,204,punctuation/spacing,w^hen,when,"he shall deliver the needy [when] he crieth: the poor also,",1,,,,
1776,221,205,heading (re-cased/corrected),SELECTION 26.,Selection 26,[Selection 26] Psalm 73: 1-26. 1 TRULY,1,,,,
1777,222,206,heading (re-cased/corrected),SELECTION 27.,Selection 27,and my portion for ever. [Selection 27] Psalm 77. 1 I CRIED,1,,,,
1778,222,206,word,m}^,my,2 In the day of [my] trouble I sought the Lord:,1,,,,
1779,222,206,word,boldest,holdest,spirit was overwhelmed. 4 Thou [holdest] mine eyes waking: I am,1,,,,
1780,222,206,word,AVill,Will,spirit made diligent search. 7 [Will] the Lord cast off for,1,,,,
1781,222,206,word,Ill,11 I,hand of the Most High. [11 I] will remember the works of,1,,,,
1782,223,207,word,Tliou,Thou,God as our God? 14 [Thou] art the God that doest,1,,,,
1783,223,207,heading (re-cased/corrected),SELECTION 28.,Selection 28,"hand of Moses and Aaron. [Selection 28] Psalm 80. 1 GIVE ear,",1,,,,
1784,224,208,word,18,13,the way do pluck her? [13] The boar out of the,1,,,,
1785,224,208,heading (re-cased/corrected),SELECTION 29.,Selection 29,and we shall be saved. [Selection 29] Psalm 84. 1 HOW amiable,1,,,,
1786,224,208,word,faiuteth,fainteth,"My soul longeth, yea, even [fainteth] for the courts of the",1,,,,
1787,224,208,punctuation/spacing,beforeGod.,before God.,of them in Zion appeareth [before God.] 8 O Lord God of,1,,,,
1788,225,209,heading (re-cased/corrected),SELECTIOIS^ 30.,Selection 30,the way of his steps. [Selection 30] Psalm 86. 1 BOW down,1,,,,
1789,226,210,word,servaut,servant,"thou my God, save thy [servant] that trusteth in thee. 3",1,,,,
1790,226,210,word,servaut:,servant:,"Rejoice the soul of thy [servant:] for unto thee, O Lord,",1,,,,
1791,227,211,heading (re-cased/corrected),SELECTION 31.,Selection 31,my springs are in thee. [Selection 31] Psalm 89: 1-37. 1 I,1,,,,
1792,227,211,punctuation/spacing,"1-37,",1-37.,thee. Selection 31 Psalm 89: [1-37.] 1 I WILL sing of,,,,,
1793,227,211,punctuation/spacing,Lord;,Lord:,can be compared unto the [Lord:] who among the sons of,1,,,,
1794,229,213,heading (re-cased/corrected),SELECTION 32.,Selection 32,"a faithful witness in heaven. [Selection 32] Psalm 90. 1 LORD, thou",1,,,,
1795,230,214,heading (re-cased/corrected),SELECTION 33.,Selection 33,our hands establish thou it. [Selection 33] Psalm 91. 1 HE that,1,,,,
1796,230,214,word,beliold:,behold:,with thine eyes shalt thou [behold:] and see the reward of,1,,,,
1797,231,215,heading (re-cased/corrected),SELECTION 34.,Selection 34,and show him my salvation. [Selection 34] Psalm 92. 1 IT is,1,,,,
1798,231,215,word,0,O,"works of thy hands. 5 [O] Lord, how great are thy",1,,,,
1799,232,216,word,Th)'',Thy,waves of the sea. 20 [Thy] testimonies are very sure: holiness,1,,,,
1800,232,216,heading (re-cased/corrected),SELECTION 35.,Selection 35,"house, O Lord, for ever. [Selection 35] Psalm 95. 1 O COME,",1,,,,
1801,232,216,punctuation/spacing,"""When",When,temptation in the wilderness: 9 [When] your fathers tempted me: proved,1,,,,
1802,233,217,punctuation/spacing,"96,",96.,Psalm [96.] 12 O SING unto the,,,,,
1803,233,217,word,SIKG,SING,Psalm 96. 12 O [SING] unto the Lord a new,1,,,,
1804,233,217,punctuation/spacing,Oye,O ye,"18 Give unto the Lord, [O ye] kindreds of the people: give",1,,,,
1805,233,217,heading (re-cased/corrected),SELECTION 36.,Selection 36,the people with his truth. [Selection 36] Psalm 97. 1 THE Lord,1,,,,
1806,233,217,word,burnetii,burneth,fire goeth before him: and [burneth] up his enemies round about.,1,,,,
1807,234,218,word,0,O,"rejoiced because of thy judgments, [O] Lord. 9 For thou, Lord,",1,,,,
1808,235,219,word,Ziou:,Zion:,The Lord is great in [Zion:] and he is high above,1,,,,
1809,235,219,word,v^orship,worship,"the Lord our God, and [worship] at his footstool: for he",1,,,,
1810,235,219,heading (re-cased/corrected),SELECTION 37.,Selection 37,Lord our God is holy. [Selection 37] Psalm 100. 1 MAKE a,1,,,,
1811,235,219,word,PSAL3I,Psalm,"truth endureth to all generations. [Psalm] 103. 6 BLESS the Lord,",1,,,,
1812,236,220,word,loving-kiudness,loving-kindness,destruction: who crowneth thee with [loving-kindness] and tender mercies; 10 Who,1,,,,
1813,236,220,word,"auger,","anger,","merciful and gracious: slow to [anger,] and plenteous in mercy. 14",1,,,,
1814,237,221,heading (re-cased/corrected),SELECTION 38.,Selection 38,"the Lord, O my soul. [Selection 38] Psalm 104. 1 BLESS the",1,,,,
1815,238,222,word,Avild,wild,are a refuge for the [wild] goats: and the rocks for,1,,,,
1816,238,222,word,slug,sing,as I live: I will [sing] praise to my God while,1,,,,
1817,238,222,punctuation/spacing,shall',shall,34 My meditation of him [shall] be sweet: I will be,1,,,,
1818,238,222,punctuation/spacing,sw'eet:,sweet:,meditation of him shall be [sweet:] I will be glad in,1,,,,
1819,239,223,heading (re-cased/corrected),SELECTION 39.,Selection 39,[Selection 39] Psalm 107: 1-22. 1 O,1,,,,
1820,239,223,word,fiUeth,filleth,satisfieth the longing soul: and [filleth] the hungry soul with goodness.,1,,,,
1821,240,224,heading (re-cased/corrected),SELECTION 40.,Selection 40,declare his works with rejoicing. [Selection 40] Psalm 107: 23-40. 1 THEY,1,,,,
1822,240,224,punctuation/spacing,lif teth,lifteth,raiseth the stormy wind: which [lifteth] up the waves thereof. 4,1,,,,
1823,240,224,punctuation/spacing,suff ereth,suffereth,they are multiplied greatly: and [suffereth] not their cattle to decrease.,1,,,,
1824,240,224,flag only (no change),,,works with rejoicing. Selection 40 Psalm 107: 23-40.,,REVIEW,"heading reads 23-40 as printed, but the selection continues through verse 43",,
1825,241,225,word,tlie,the,"causeth them to wander in [the] wilderness, where there is no",1,,,,
1826,241,225,heading (re-cased/corrected),SELECTION 41.,Selection 41,the loving-kindness of the Lord. [Selection 41] Psalm 110. 1 THE Lord,1,,,,
1827,241,225,punctuation/spacing,1 1,11,and his righteousness endureth forever. [11] He hath made his wonderful,1,,,,
1828,242,226,word,hatli,hath,13 He [hath] showed his people the power,1,,,,
1829,242,226,heading (re-cased/corrected),SELECTION 42.,Selection 42,of the wicked shall perish [Selection 42] Psalm 113: 1-6. 1 PRAISE,1,,,,
1830,243,227,punctuation/spacing,gloryabove,glory above,above all nations: and his [glory above] the heavens. 5 Who is,1,,,,
1831,243,227,word,trutli's,truth's,"thy mercy, and for thy [truth's] sake. 8 Wherefore should the",1,,,,
1832,244,228,heading (re-cased/corrected),SELECTION 43.,Selection 43,for evermore. Praise the Lord. [Selection 43] Psalm 116. 1 I LOVE,1,,,,
1833,244,228,punctuation/spacing,"116,",116.,the Lord. Selection 43 Psalm [116.] 1 I LOVE the Lord:,,,,,
1834,245,229,word,0,O,"in the midst of thee, [O] Jerusalem: Praise ye the Lord.",1,,,,
1835,245,229,heading (re-cased/corrected),SELECTION 44.,Selection 44,ever. Praise ye the Lord. [Selection 44] Psalm 118. 1 O GIVE,1,,,,
1836,245,229,word,1,I,the name of the Lord [I] will destroy them. 13 Thou,1,,,,
1837,246,230,word,0,O,"I beseech thee, O Lord: [O] Lord, I beseech thee, send",1,,,,
1838,246,230,heading (re-cased/corrected),SELECTION 45.,Selection 45,his mercy endureth for ever. [Selection 45] Psalm 119: 1-24. 1 BLESSED,1,,,,
1839,247,231,flag only (no change),,,commandments. 21 Remove from me reproach and contempt:,,REVIEW,verse number printed '21' twice in the original (should be 22); left as printed,,
1840,248,232,heading (re-cased/corrected),SELECTION 46.,Selection 46,"[Selection 46] Psalm 119: 33-48, 89-96. 1",1,,,,
1841,248,232,word,"33^8,89-96.","33-48, 89-96.","Selection 46 Psalm 119: [33-48, 89-96.] 1 TEACH me, O Lord,",,,,,
1842,248,232,word,imto,unto,heaven. 18 Thy faithfulness is [unto] all generations: thou hast established,1,,,,
1843,248,232,punctuation/spacing,abide th.,abideth.,"established the earth, and it [abideth.] 19 They continue this day",1,,,,
1844,249,233,word,28,23,I have sought thy precepts. [23] The wicked have waited for,1,,,,
1845,249,233,heading (re-cased/corrected),SELECTION 47.,Selection 47,thy commandment is exceeding broad. [Selection 47] Psalm 119: 97-120. 1 O,1,,,,
1846,249,233,punctuation/spacing,OHOW,O HOW,47 Psalm 119: 97-120. 1 [O HOW] love I thy law: it,1,,,,
1847,249,233,word,0,O,"afflicted very much: quicken me, [O] Lord, according unto thy word.",1,,,,
1848,250,234,word,je,ye,"word. 19 Depart from me, [ye] evil doers: for I will",1,,,,
1849,250,234,heading (re-cased/corrected),SELECTION 48.,Selection 48,am afraid of thy judgments. [Selection 48] Psalm 121. 1 I WILL,1,,,,
1850,250,234,word,mina,mine,1 I WILL lift up [mine] eyes unto the hills: from,1,,,,
1851,251,235,heading (re-cased/corrected),SELECTION 49.,Selection 49,the contempt of the proud. [Selection 49] Psalm 124. 1 IF it,1,,,,
1852,252,236,punctuation/spacing,".126,",126.,shall be upon Israel. Psalm [126.] 14 WHEN the Lord turned,,,,,
1853,252,236,punctuation/spacing,t'hen,then,and our tongue with singing: [then] said they among the heathen.,1,,,,
1854,253,237,heading (re-cased/corrected),SELECTION 50.,Selection 50,the enemies in the gate. [Selection 50] Psalm 130. 1 OUT of,1,,,,
1855,253,237,word,0,O,"have I cried: unto thee, [O] Lord. 2 Lord, hear my",1,,,,
1856,254,238,punctuation/spacing,j oy.,joy.,let thy saints shout for [joy.] 21 For thy servant David's,1,,,,
1857,254,238,punctuation/spacing,23.,23,I set upon thy throne. [23] If thy children will keep,1,,,,
1858,254,238,word,th}'',thy,children shall also sit upon [thy] throne for evermore. 24 For,1,,,,
1859,254,238,heading (re-cased/corrected),SELECTION 51.,Selection 51,"himself shall his crown flourish. [Selection 51] Psalm 133. 1 BEHOLD, how",1,,,,
1860,254,238,word,evennore.,evermore.,"the blessing, even life for [evermore.]",1,,,,
1861,255,239,punctuation/spacing,"""Who",Who,"out of his treasuries, 14 [Who] smote the firstborn of Egypt:",1,,,,
1862,255,239,word,Ba^han:,Bashan:,"Amorites, and Og king of [Bashan:] and all the kingdoms of",1,,,,
1863,255,239,word,0,O,"for ever: and thy memorial, [O] Lord, throughout all generations. 20",1,,,,
1864,256,240,word,0,O,"of Israel: bless the Lord, [O] house of Aaron: 26 Bless",1,,,,
1865,256,240,heading (re-cased/corrected),SELECTION 62.,Selection 52,"Jerusalem. Praise ye the Lord. [Selection 52] Psalm 136: 1-9, 23-26. 1",1,,,,
1866,256,240,word,0,O,mercy endureth for ever. 2 [O] give thanks unto the God,1,,,,
1867,257,241,word,31,21,I sing praise unto thee. [21] I will worship toward thy,1,,,,
1868,257,241,heading (re-cased/corrected),SELECTION 53.,Selection 53,"works of thine own hands. [Selection 53] Psalm 139: 1-12, 14-24. 1",1,,,,
1869,257,241,word,0,O,"Psalm 139: 1-12, 14-24. 1 [O] LORD: thou hast searched me,",1,,,,
1870,257,241,word,me_.,me.,"hast searched me, and known [me.] 2 Thou knowest my downsitting",1,,,,
1871,258,242,word,0,O,"are thy thoughts unto me, [O] God: how great is the",1,,,,
1872,259,243,heading (re-cased/corrected),SELECTION 54.,Selection 54,"me in the way everlasting. [Selection 54] Psalm 141: 1-3. 1 LORD,",1,,,,
1873,259,243,word,,ear,"make haste unto me; give [ear] unto my voice, when I",2,,,,
1874,259,243,word,ray,my,"unto me; give ear unto [my] voice, when I cry unto",2,,,,
1875,259,243,word,0,O,"1-11. 11 HEAR my prayer, [O] Lord, give ear to my",1,,,,
1876,259,243,punctuation/spacing,Andenter,And enter,and in thy righteousness. 12 [And enter] not into judgment with thy,1,,,,
1877,260,244,heading (re-cased/corrected),SELECTION 55.,Selection 55,my soul out of trouble. [Selection 55] Psalm 144. 1 BLESSED be,1,,,,
1878,260,244,punctuation/spacing,passe th,passeth,"are as a shadow that [passeth] away. 5 Bow thy heavens,",1,,,,
1879,260,244,word,0,O,"a new song unto thee, [O] God: upon a psaltery and",1,,,,
1880,261,245,word,imto,unto,is he that giveth salvation [unto] kings: who delivereth David his,1,,,,
1881,261,245,word,0,O,"for ever: even thy God, [O] Zion, unto all generations. Praise",1,,,,
1882,262,246,heading (re-cased/corrected),SELECTION 56.,Selection 56,[Selection 56] Psalm 145. 1 I WILL,1,,,,
1883,262,246,word,maiesty:,majesty:,"the glorious honour of thy [majesty:] and of thy wondrous works,",1,,,,
1884,262,246,word,bowled,bowed,up all those that be [bowed] down. 15 The eyes of,1,,,,
1885,263,247,heading (re-cased/corrected),SELECTIOIS^ 57.,Selection 57,name for ever and ever. [Selection 57] Psalm 147. 1 PRAISE ye,1,,,,
1886,263,247,punctuation/spacing,lif teth,lifteth,is infinite. 6 The Lord [lifteth] up the meek: he casteth,1,,,,
1887,264,248,heading (re-cased/corrected),SELECTION 58.,Selection 58,them. Praise ye the Lord. [Selection 58] Psalm 148. 1 PRAISE ye,1,,,,
1888,264,248,word,rSALM,Psalm,him. Praise ye the Lord. [Psalm] 149. 15 PRAISE ye the,1,,,,
1889,265,249,punctuation/spacing,SELECTION 59. {For,Selection 59 (For,Lord: Praise ye the Lord. [Selection 59 (For] Good Friday.) Psalm 22: 1-8;,1,,,,
1890,265,249,punctuation/spacing,hearestnot:,hearest not:,"in the daytime, but thou [hearest not:] and in the night season,",1,,,,
1891,266,250,punctuation/spacing,the'sword:,the sword:,18 Deliver my soul from [the sword:] my darling from the power,1,,,,
1892,267,251,word,imto,unto,"him; but when he cried [unto] him, he heard. 23 My",1,,,,
1893,267,251,punctuation/spacing,SELECTION 60. {For,Selection 60 (For,that he hath done this. [Selection 60 (For] Good Friday.) Psalm 69: 1-21;,1,,,,
1894,268,252,word,0,O,"and sorrowful: let thy salvation, [O] God, set me up on",1,,,,
1895,269,253,word,Jiidah:,Judah:,"will build the cities of [Judah:] that they may dwell there,",1,,,,
1896,270,254,heading (re-cased/corrected),ANCIENT HYMNS AND CANTICLES. H,Ancient Hymns and Canticles,[Ancient Hymns and Canticles] One of the first three,1,,,,
1897,270,254,word,,I.,"Service as the Opening Hymn. [I.] Venite, Exultemus Domino O COME,",1,,,,
1898,270,254,word,Domino. r\,Domino O,"Opening Hymn. I. Venite, Exultemus [Domino O] COME, let us sing unto",1,,,,
1899,270,254,word,strengtli,strength,us heartily rejoice in the [strength] of our salvation. Let us,1,,,,
1900,270,254,word,Deo. r\,Deo O,"without end. Amen. II. Jubilate [Deo O] BE joyful in the Lord,",1,,,,
1901,271,255,word,L^TATus Sum. T,Lætatus Sum I,world without end. Amen. III. [Lætatus Sum I] WAS glad when they said,1,,,,
1902,271,255,punctuation/spacing,say.,"say,","companions' sakes: I will now [say,] Peace be within thee. Because",1,,,,
1903,272,256,word,Laudamtjs.,Laudamus,"IV. Te Deum [Laudamus] WE praise Thee, O God:",1,,,,
1904,272,256,word,bom,born,didst humble Thyself to be [born] of a Virgin. When Thou,1,,,,
1905,272,256,punctuation/spacing,"sin,",sin.,"keep us this day without [sin.] O Lord, have mercy upon",1,,,,
1906,272,256,punctuation/spacing,"us,",us.,upon us: have mercy upon [us.] O Lord let Thy mercy,1,,,,
1907,273,257,word,,V.,[V.] Gloria in Excelsis GLORY be,1,,,,
1908,273,257,word,Excelsis. /^LORY,Excelsis GLORY,V. Gloria in [Excelsis GLORY] be to God on high:,1,,,,
1909,273,257,punctuation/spacing,"glory,",glory.,"to Thee for Thy great [glory.] O Lord God, heavenly King:",2,,,,
1910,273,257,word,VL,VI.,"of God the Father. Amen. [VI.] Benedicite, Omnia Opera Domini O",1,,,,
1911,273,257,word,Domini. f\,Domini O,"Amen. VI. Benedicite, Omnia Opera [Domini O] ALL ye Works of the",1,,,,
1912,273,257,punctuation/spacing,"ever,",ever.,"Him, and magnify Him for [ever.] O ye Waters that be",1,,,,
1913,273,257,punctuation/spacing,"ever,",ever.,"Him, and magnify Him for [ever.] O all ye Powers of",1,,,,
1914,273,257,word,"ever, 0",ever. O,"Him, and magnify Him for [ever. O] ye Sun and Moon, bless",1,,,,
1915,273,257,punctuation/spacing,"ever,",ever.,"Him, and magnify Him for [ever.] O ye Stars of heaven,",1,,,,
1916,274,258,word,"Surnmer,","Summer,","ever. O ye Winter and [Summer,] bless ye the Lord: praise",1,,,,
1917,274,258,punctuation/spacing,ever..,ever.,"Him, and magnify Him for [ever.] O let the Earth bless",1,,,,
1918,275,259,word,Magnificat. IVrY,Magnificat MY,world without end. Amen. VII. [Magnificat MY] soul doth magnify the Lord:,1,,,,
1919,275,259,punctuation/spacing,"Saviour,",Saviour.,hath rejoiced in God my [Saviour.] For He hath regarded: the,1,,,,
1920,275,259,word,Benedictus. T^LESSED,Benedictus BLESSED,world without end. Amen. VIII. [Benedictus BLESSED] be the Lord God of,1,,,,
1921,276,260,word,bath,hath,And [hath] raised up a mighty salvation,1,,,,
1922,276,260,punctuation/spacing,sins.,"sins,","for the remission of their [sins,] Through the tender mercy of",1,,,,
1923,276,260,word,"Dimittis. T ORD,","Dimittis LORD,","without end. Amen. IX. Nunc [Dimittis LORD,] now lettest thou Thy servant",1,,,,
1924,276,260,punctuation/spacing,"""Which",Which,"eyes have seen: Thy salvation, [Which] Thou hast prepared: before the",1,,,,
1925,277,261,word,Domino. r\,Domino O,X. Cantate [Domino O] SING unto the Lord a,1,,,,
1926,277,261,heading (re-cased/corrected),BONUM EST CONFITERT. TT,Bonum est Confiteri IT,world without end. Amen. XI. [Bonum est Confiteri IT] is a good thing to,1,,,,
1927,277,261,word,"intsrument,","instrument,","the lute: upon a loud [instrument,] and upon the harp. For",1,,,,
1928,277,261,flag only (no change),,,"upon a loud instrument, and upon the harp.",,REVIEW,the original prints 'intsrument' (checked against scan); corrected,,
1929,278,262,word,xn.,XII.,"be: world without end. Amen. [XII.] Benedic, Anima mea PRAISE the",1,,,,
1930,278,262,word,mea. TDRAISE,mea PRAISE,"end. Amen. XII. Benedic, Anima [mea PRAISE] the Lord, O my soul:",1,,,,
1931,278,262,punctuation/spacing,bene fits:,benefits:,and forget not all His [benefits:] Who forgiveth all thy sin:,1,,,,
1932,278,262,word,Misereatur. ri OD,Misereatur GOD,"without end. Amen. XIII. Deus [Misereatur GOD] be merciful unto us, and",1,,,,
1933,280,264,word,,--- The Riverside Press,[--- The Riverside Press] Electrotyped and printed by H.,1,,,,
1934,280,264,word,Honghtoti dr»,Houghton &,"and printed by H. O. [Houghton &] Co. Cambridge, Mass., U.S.A.",,,,,
